Player_Rank_Salary,Player_Name,Team_Salary,Salary_2025,Guaranteed_Salary,player_id,Player_Rank_Stats,Age,Team,Pos,FG,FG_Percent,ThreeP,ThreeP_Percent,TwoP,TwoP_Percent,eFG_Percent,FT,FT_Percent,ORB,DRB,TRB,AST,STL,BLK,PTS,Awards,Log_Salary_2025
1,Stephen Curry,GSW,59606817.0,$122193975,curryst01,12,37,GSW,PG,8.7,0.468,4.4,0.393,4.3,0.584,0.587,4.7,0.923,0.4,3.2,3.6,4.7,1.1,0.4,26.6,AS,17.90328050468941
2,Joel Embiid,PHI,55224526.0,$176072526,embiijo01,10,31,PHI,C,9.0,0.489,1.4,0.333,7.6,0.535,0.527,7.5,0.854,2.0,5.7,7.7,3.9,0.6,1.2,26.9,,17.826917724164357
3,Nikola Jokić,DEN,55224526.0,$114257640,jokicni01,8,30,DEN,C,9.9,0.569,1.7,0.38,8.2,0.636,0.618,6.1,0.831,3.0,9.9,12.9,10.7,1.4,0.8,27.7,CPOY-6AS,17.826917724164357
4,Kevin Durant,HOU,54708609.0,$98611048,duranke01,15,37,HOU,SF,9.2,0.52,2.4,0.413,6.8,0.572,0.588,5.2,0.874,0.5,4.9,5.5,4.8,0.8,0.9,26.0,CPOY-9AS,17.817531640748776
5,Jayson Tatum,BOS,54126450.0,$242486496,tatumja01,27,27,BOS,PF,7.4,0.411,2.9,0.329,4.4,0.493,0.493,4.1,0.823,0.5,9.5,10.0,5.3,1.4,0.2,21.8,,17.806833533766422
6,Anthony Davis,WAS,54126450.0,$112583016,davisan02,39,32,DAL,PF,8.5,0.506,0.5,0.27,8.0,0.535,0.521,3.0,0.728,3.1,8.0,11.1,2.8,1.1,1.7,20.4,,17.806833533766422
7,Giannis Antetokounmpo,MIL,54126450.0,$112583016,antetgi01,9,31,MIL,PF,10.4,0.624,0.4,0.333,9.9,0.647,0.636,6.4,0.65,2.7,7.1,9.8,5.4,0.9,0.7,27.6,AS,17.806833533766422
8,Jimmy Butler,GSW,54126450.0,$110959223,butleji01,47,36,GSW,SF,6.3,0.519,0.8,0.376,5.5,0.552,0.554,6.5,0.864,2.3,3.2,5.6,4.9,1.4,0.2,20.0,,17.806833533766422
9,Jaylen Brown,BOS,53142264.0,$236187840,brownja02,4,29,BOS,SF,10.4,0.477,2.0,0.347,8.4,0.523,0.522,6.0,0.795,1.1,5.8,6.9,5.1,1.0,0.4,28.7,AS,17.7884831018295
10,Devin Booker,PHO,53142264.0,$235302136,bookede01,13,29,PHO,SG,8.5,0.456,1.9,0.33,6.6,0.512,0.507,7.1,0.873,0.8,3.1,3.9,6.0,0.8,0.3,26.1,AS,17.7884831018295
11,Karl-Anthony Towns,NYK,53142264.0,$110220992,townska01,46,30,NYK,C,6.9,0.501,1.5,0.368,5.4,0.557,0.556,4.8,0.858,3.1,8.7,11.9,3.0,0.9,0.5,20.1,AS,17.7884831018295
12,LeBron James,LAL,52627153.0,$52627153,jamesle01,34,41,LAL,SF,7.9,0.515,1.3,0.317,6.6,0.586,0.557,3.9,0.737,0.7,5.4,6.1,7.2,1.2,0.6,20.9,AS,17.778742761243954
13,Paul George,PHI,51666090.0,$105792470,georgpa01,69,35,PHI,PF,6.1,0.439,2.7,0.392,3.4,0.484,0.536,2.5,0.82,0.5,4.8,5.3,3.6,1.7,0.4,17.3,,17.7603122248628
14,Kawhi Leonard,LAC,50000000.0,$100300000,leonaka01,6,34,LAC,SF,9.8,0.505,2.6,0.387,7.1,0.569,0.573,5.7,0.892,1.1,5.3,6.4,3.6,1.9,0.4,27.9,CPOY-10AS,17.72753356339242
15,Zach LaVine,SAC,47499660.0,$47499660,lavinza01,53,30,SAC,SG,6.7,0.479,2.5,0.39,4.2,0.556,0.569,3.2,0.88,0.2,2.6,2.8,2.3,0.7,0.3,19.2,,17.676233111084514
16,Cade Cunningham,DET,46394100.0,$269085780,cunnica01,21,24,DET,PG,8.6,0.461,2.0,0.342,6.6,0.514,0.513,4.8,0.812,0.9,4.7,5.5,9.9,1.4,0.8,23.9,CPOY-4AS,17.652682853939165
17,Evan Mobley,CLE,46394100.0,$269085780,mobleev01,61,24,CLE,PF,7.2,0.546,1.0,0.297,6.3,0.626,0.582,2.8,0.606,2.4,6.6,9.0,3.6,0.7,1.7,18.2,,17.652682853939165
18,Jamal Murray,DEN,46394100.0,$207845568,murraja01,16,28,DEN,PG,8.8,0.483,3.3,0.435,5.5,0.517,0.573,4.6,0.887,0.4,4.0,4.4,7.1,0.9,0.4,25.4,CPOY-2AS,17.652682853939165
19,Lauri Markkanen,UTA,46394100.0,$195868144,markkla01,11,28,UTA,PF,9.1,0.477,2.7,0.355,6.4,0.559,0.548,5.7,0.896,2.0,4.9,6.9,2.1,1.0,0.5,26.7,,17.652682853939165
20,Donovan Mitchell,CLE,46394100.0,$96499728,mitchdo01,7,29,CLE,SG,9.7,0.483,3.2,0.364,6.5,0.577,0.563,5.3,0.865,0.7,3.8,4.5,5.7,1.5,0.3,27.9,AS,17.652682853939165
21,Trae Young,WAS,46394100.0,$46394100,youngtr01,63,27,2TM,PG,5.4,0.458,1.8,0.338,3.6,0.557,0.534,5.3,0.825,0.3,1.7,2.0,8.0,0.9,0.1,17.9,,17.652682853939165
21,Trae Young,WAS,46394100.0,$46394100,youngtr01,63,27,ATL,PG,5.6,0.415,1.8,0.305,3.8,0.5,0.481,6.3,0.863,0.0,1.5,1.5,8.9,1.0,0.1,19.3,,17.652682853939165
21,Trae Young,WAS,46394100.0,$46394100,youngtr01,63,27,WAS,PG,5.0,0.595,1.8,0.429,3.2,0.762,0.702,3.4,0.708,0.8,2.2,3.0,6.2,0.6,0.2,15.2,,17.652682853939165
22,Luka Dončić,LAL,45999660.0,$149583660,doncilu01,1,26,LAL,PG,10.8,0.476,4.0,0.366,6.9,0.575,0.563,7.9,0.78,0.6,7.1,7.7,8.3,1.6,0.5,33.5,CPOY-8AS,17.644144563121706
23,Anthony Edwards,MIN,45550512.0,$202446720,edwaran01,3,24,MIN,SG,9.9,0.489,3.4,0.399,6.5,0.554,0.572,5.7,0.796,0.6,4.4,5.0,3.7,1.4,0.8,28.8,CPOY-3AS,17.634332422002238
25,Pascal Siakam,IND,45550512.0,$146773872,siakapa01,20,31,IND,PF,9.0,0.484,1.7,0.358,7.3,0.527,0.529,4.2,0.693,1.4,5.2,6.6,3.8,1.1,0.4,24.0,AS,17.634332422002238
26,Domantas Sabonis,SAC,42336000.0,$136416000,sabondo01,90,29,SAC,C,6.3,0.543,0.3,0.185,6.1,0.593,0.554,2.9,0.727,3.4,8.0,11.4,4.1,0.9,0.2,15.8,,17.561148345896818
27,OG Anunoby,NYK,39568966.0,$127500000,anunoog01,78,28,NYK,PF,5.8,0.484,2.3,0.386,3.5,0.584,0.581,2.7,0.828,1.3,4.0,5.2,2.2,1.6,0.7,16.7,DPOY-10,17.493555682112937
28,Zion Williamson,NOP,39446090.0,$126499530,willizi01,33,25,NOP,PF,7.8,0.6,0.0,0.25,7.8,0.601,0.6,5.4,0.716,2.0,3.7,5.7,3.2,1.0,0.5,21.0,,17.490445487543145
29,Ja Morant,MEM,39446090.0,$126499530,moranja01,50,26,MEM,PG,6.6,0.41,1.0,0.235,5.6,0.473,0.441,5.3,0.897,0.4,2.9,3.3,8.1,1.0,0.3,19.5,,17.490445487543145
30,Darius Garland,LAC,39446090.0,$126499530,garlada01,54,26,2TM,PG,6.9,0.46,2.7,0.396,4.2,0.514,0.551,2.3,0.861,0.4,2.0,2.4,6.7,1.0,0.2,18.8,,17.490445487543145
30,Darius Garland,LAC,39446090.0,$126499530,garlada01,54,26,CLE,PG,6.5,0.451,2.3,0.36,4.3,0.521,0.529,2.6,0.861,0.5,2.0,2.4,6.9,0.8,0.1,18.0,,17.490445487543145
30,Darius Garland,LAC,39446090.0,$126499530,garlada01,54,26,LAC,PG,7.3,0.471,3.3,0.438,4.0,0.503,0.578,1.9,0.86,0.3,2.0,2.3,6.4,1.2,0.3,19.9,,17.490445487543145
31,James Harden,CLE,39182693.0,,hardeja01,22,36,2TM,PG,7.0,0.434,3.1,0.375,3.9,0.495,0.529,6.6,0.884,0.6,4.2,4.8,8.0,1.1,0.4,23.6,,17.483745702166576
31,James Harden,CLE,39182693.0,,hardeja01,22,36,LAC,PG,7.3,0.419,3.1,0.347,4.3,0.492,0.506,7.7,0.901,0.6,4.2,4.8,8.1,1.3,0.4,25.4,,17.483745702166576
31,James Harden,CLE,39182693.0,,hardeja01,22,36,CLE,PG,6.3,0.466,3.1,0.435,3.2,0.5,0.58,4.8,0.84,0.5,4.3,4.8,7.7,0.8,0.5,20.5,,17.483745702166576
32,Scottie Barnes,TOR,38661750.0,$224238150,barnesc01,62,24,TOR,PF,7.1,0.507,0.9,0.304,6.3,0.557,0.537,3.0,0.815,1.9,5.6,7.5,5.9,1.4,1.5,18.1,DPOY-5AS,17.47036129714521
33,Franz Wagner,ORL,38661750.0,$224238150,wagnefr01,37,24,ORL,SF,7.2,0.481,1.4,0.345,5.8,0.533,0.529,4.8,0.823,1.3,3.9,5.2,3.3,0.9,0.3,20.6,,17.47036129714521
34,Shai Gilgeous-Alexander,OKC,38333050.0,$276795400,gilgesh01,2,27,OKC,PG,10.8,0.553,1.7,0.386,9.1,0.602,0.597,7.9,0.879,0.6,3.7,4.3,6.6,1.4,0.8,31.1,CPOY-1AS,17.46182300632775
35,Michael Porter Jr.,BRK,38333050.0,$50333050,portemi01,19,27,BRK,SF,8.5,0.463,3.4,0.363,5.2,0.567,0.555,3.8,0.859,1.3,5.7,7.1,3.0,1.1,0.3,24.2,,17.46182300632775
36,Brandon Ingram,TOR,38095238.0,$78095238,ingrabr01,29,28,TOR,SF,8.0,0.477,1.8,0.382,6.2,0.512,0.529,3.8,0.82,0.8,4.8,5.6,3.7,0.8,0.7,21.5,AS,17.455599845408777
37,Tyrese Maxey,PHI,37958760.0,$168705600,maxeyty01,5,25,PHI,PG,9.9,0.462,3.1,0.367,6.8,0.525,0.536,5.3,0.892,0.3,3.8,4.1,6.6,1.9,0.8,28.3,CPOY-7AS,17.452010865208283
38,LaMelo Ball,CHO,37958760.0,$168705600,ballla01,44,24,CHO,PG,7.0,0.407,3.8,0.368,3.3,0.464,0.516,2.2,0.899,0.9,3.9,4.8,7.1,1.2,0.2,20.1,,17.452010865208283
39,De'Aaron Fox,SAS,37096620.0,$260200620,foxde01,56,28,SAS,PG,7.1,0.486,1.8,0.332,5.3,0.58,0.549,2.6,0.76,0.6,3.2,3.8,6.2,1.2,0.3,18.6,AS,17.429036418306048
40,Bam Adebayo,MIA,37096620.0,$140680620,adebaba01,43,28,MIA,C,6.9,0.442,1.7,0.318,5.2,0.509,0.497,4.5,0.778,2.0,8.0,10.0,3.2,1.2,0.7,20.1,DPOY-11,17.429036418306048
41,Desmond Bane,ORL,36725670.0,$163225200,banede01,45,27,ORL,SG,7.1,0.484,2.0,0.391,5.1,0.535,0.553,3.8,0.908,1.2,2.9,4.1,4.1,1.0,0.5,20.1,,17.418986523561
43,Jaren Jackson Jr.,UTA,35000000.0,$186500000,jacksja02,51,26,2TM,C,7.1,0.476,1.8,0.357,5.4,0.533,0.534,3.4,0.803,0.9,4.8,5.7,2.0,1.1,1.4,19.4,,17.37085861945369
43,Jaren Jackson Jr.,UTA,35000000.0,$186500000,jacksja02,51,26,MEM,C,7.1,0.475,1.8,0.359,5.3,0.531,0.534,3.3,0.797,0.9,4.8,5.8,1.9,1.0,1.5,19.2,,17.37085861945369
43,Jaren Jackson Jr.,UTA,35000000.0,$186500000,jacksja02,51,26,UTA,C,8.0,0.49,1.7,0.333,6.3,0.559,0.541,4.7,0.875,0.3,4.0,4.3,2.7,2.0,0.3,22.3,,17.37085861945369
44,Jalen Suggs,ORL,35000000.0,$123800000,suggsja01,123,24,ORL,PG,4.9,0.435,2.1,0.339,2.8,0.554,0.529,1.8,0.855,0.6,3.2,3.9,5.5,1.8,0.7,13.8,,17.37085861945369
45,Rudy Gobert,MIN,35000000.0,$71500000,goberru01,188,33,MIN,C,4.4,0.682,0.0,0.0,4.4,0.689,0.682,2.1,0.526,3.9,7.5,11.5,1.7,0.8,1.6,10.9,DPOY-4,17.37085861945369
46,Jalen Brunson,NYK,34944001.0,$113218563,brunsja01,14,29,NYK,PG,9.3,0.467,2.6,0.369,6.7,0.522,0.533,4.8,0.841,0.4,2.9,3.3,6.8,0.8,0.1,26.0,CPOY-5AS,17.36925736670393
47,Alperen Şengün,HOU,33944954.0,$145963303,sengual01,40,23,HOU,C,8.1,0.519,0.6,0.305,7.5,0.547,0.537,3.6,0.691,3.0,5.9,8.9,6.2,1.2,1.1,20.4,AS,17.340250770583662
48,Jalen Green,PHO,33584499.0,$69835665,greenja05,64,23,PHO,SG,6.8,0.422,2.2,0.313,4.5,0.509,0.491,2.0,0.747,0.5,3.1,3.6,2.8,1.1,0.3,17.8,,17.32957517919801
49,Khris Middleton,DAL,33296296.0,$33296296,middlkh01,205,34,2TM,SF,3.6,0.42,1.1,0.36,2.5,0.452,0.482,1.9,0.875,0.8,2.9,3.7,2.8,0.7,0.1,10.2,,17.320956717532788
49,Khris Middleton,DAL,33296296.0,$33296296,middlkh01,205,34,WAS,SF,3.8,0.433,1.0,0.333,2.9,0.483,0.488,1.7,0.841,0.9,3.1,3.9,3.3,0.8,0.3,10.3,,17.320956717532788
49,Khris Middleton,DAL,33296296.0,$33296296,middlkh01,205,34,DAL,SF,3.3,0.404,1.2,0.391,2.2,0.412,0.475,2.1,0.91,0.7,2.6,3.3,2.2,0.5,0.0,10.0,,17.320956717532788
50,Immanuel Quickley,TOR,32500000.0,$130000000,quickim01,83,26,TOR,PG,5.7,0.443,2.5,0.374,3.2,0.52,0.541,2.4,0.821,0.5,3.5,4.0,5.9,1.3,0.1,16.4,,17.296750647299966
51,Jrue Holiday,POR,32400000.0,$67200000,holidjr01,85,35,POR,PG,6.0,0.451,2.6,0.378,3.5,0.527,0.548,1.7,0.838,1.3,3.3,4.6,6.1,1.0,0.1,16.3,,17.293668980762558
52,Jerami Grant,POR,32000001.0,$66206899,grantje01,57,31,POR,PF,5.8,0.453,2.4,0.389,3.4,0.513,0.547,4.6,0.814,1.0,2.5,3.5,2.1,0.7,0.6,18.6,,17.281246492014
53,Jordan Poole,NOP,31848215.0,$65892857,poolejo01,136,26,NOP,PG,4.2,0.372,2.5,0.333,1.8,0.442,0.48,2.5,0.86,0.2,1.7,2.0,3.1,0.6,0.4,13.4,,17.27649189445588
54,Tyler Herro,MIA,31000000.0,$64000000,herroty01,38,26,MIA,SG,7.5,0.48,2.5,0.378,4.9,0.556,0.561,3.0,0.917,0.4,4.4,4.8,4.1,0.7,0.4,20.5,,17.24949776244942
55,Julius Randle,MIN,30864198.0,$64197532,randlju01,31,31,MIN,PF,7.3,0.481,1.4,0.315,6.0,0.547,0.526,5.0,0.802,1.7,5.1,6.7,5.0,1.1,0.2,21.1,,17.245107429348128
56,Dejounte Murray,NOP,30801103.0,$63586174,murrade01,80,29,NOP,PG,6.3,0.484,1.4,0.306,4.9,0.575,0.536,2.8,0.867,0.3,5.1,5.4,6.4,1.6,0.2,16.7,,17.243061058990893
57,Kristaps Porziņģis,GSW,30731707.0,$30731707,porzikr01,77,30,2TM,C,5.4,0.446,1.7,0.338,3.7,0.522,0.515,4.2,0.842,1.3,4.0,5.2,2.5,0.6,1.2,16.7,,17.240805480888028
57,Kristaps Porziņģis,GSW,30731707.0,$30731707,porzikr01,77,30,ATL,C,5.6,0.457,1.8,0.36,3.8,0.524,0.531,4.0,0.84,1.2,3.9,5.1,2.7,0.5,1.3,17.1,,17.240805480888028
57,Kristaps Porziņģis,GSW,30731707.0,$30731707,porzikr01,77,30,GSW,C,5.1,0.433,1.5,0.311,3.6,0.519,0.497,4.3,0.844,1.3,4.1,5.3,2.3,0.6,1.1,16.1,,17.240805480888028
58,CJ McCollum,ATL,30666666.0,$30666666,mccolcj01,55,34,2TM,PG,6.9,0.455,2.5,0.375,4.4,0.519,0.538,2.4,0.772,0.8,2.5,3.3,3.9,0.8,0.5,18.7,,17.238686824606074
58,CJ McCollum,ATL,30666666.0,$30666666,mccolcj01,55,34,WAS,SG,6.9,0.454,2.7,0.393,4.1,0.505,0.544,2.3,0.804,0.7,2.9,3.5,3.6,0.7,0.3,18.8,,17.238686824606074
58,CJ McCollum,ATL,30666666.0,$30666666,mccolcj01,55,34,ATL,PG,7.0,0.456,2.3,0.357,4.6,0.529,0.532,2.5,0.748,1.0,2.2,3.1,4.1,1.0,0.6,18.7,,17.238686824606074
59,Jalen Johnson,ATL,30000000.0,$150000000,johnsja05,25,24,ATL,SF,8.3,0.489,1.7,0.352,6.7,0.541,0.537,4.2,0.788,1.4,8.9,10.3,7.9,1.2,0.4,22.5,AS,17.216707939626428
60,Isaiah Hartenstein,OKC,28500000.0,$28500000,harteis01,236,27,OKC,C,3.9,0.622,0.0,0.0,3.9,0.637,0.622,1.4,0.61,3.2,6.3,9.4,3.5,1.0,0.8,9.2,,17.16541464523888
61,Andrew Wiggins,MIA,28223215.0,$28223215,wiggian01,95,30,MIA,SF,5.7,0.475,2.0,0.414,3.7,0.516,0.559,1.9,0.784,1.7,3.1,4.8,2.7,1.1,1.0,15.4,,17.155655424193245
62,Derrick White,BOS,28100000.0,$91044000,whitede01,82,31,BOS,SG,5.7,0.394,2.7,0.327,3.0,0.487,0.489,2.4,0.902,1.1,3.3,4.4,5.4,1.1,1.3,16.5,DPOY-6,17.151280134303974
63,RJ Barrett,TOR,27705357.0,$57321428,barrerj01,52,25,TOR,SF,7.0,0.491,1.7,0.339,5.4,0.572,0.55,3.5,0.717,1.0,4.3,5.3,3.3,0.7,0.3,19.3,,17.13713634596126
64,Anfernee Simons,CHI,27678571.0,$27678571,simonan01,109,26,2TM,SG,5.2,0.44,2.7,0.385,2.5,0.517,0.552,1.3,0.896,0.6,1.9,2.5,2.4,0.5,0.1,14.3,,17.136169061658546
64,Anfernee Simons,CHI,27678571.0,$27678571,simonan01,109,26,BOS,SG,5.1,0.44,2.7,0.395,2.4,0.502,0.555,1.3,0.889,0.5,1.9,2.4,2.4,0.6,0.1,14.2,,17.136169061658546
64,Anfernee Simons,CHI,27678571.0,$27678571,simonan01,109,26,CHI,SG,5.8,0.438,2.7,0.32,3.2,0.633,0.538,0.8,1.0,0.8,2.0,2.8,3.0,0.0,0.3,15.2,,17.136169061658546
65,Devin Vassell,SAS,27000000.0,$105652174,vassede01,119,25,SAS,SG,4.9,0.437,2.5,0.384,2.4,0.508,0.547,1.6,0.815,0.6,3.4,4.0,2.5,0.9,0.4,13.9,,17.111347423968603
67,Tobias Harris,DET,26634146.0,$26634146,harrito02,137,33,DET,PF,4.9,0.469,1.3,0.368,3.6,0.521,0.531,2.2,0.866,0.9,4.3,5.1,2.5,0.9,0.4,13.3,,17.097704634744304
68,John Collins,LAC,26580000.0,$26580000,collijo01,126,28,LAC,PF,5.3,0.552,1.3,0.406,4.0,0.625,0.62,1.7,0.766,1.6,3.7,5.3,1.0,0.9,0.7,13.6,,17.095669611249374
69,Draymond Green,GSW,25892857.0,$53571428,greendr01,266,35,GSW,PF,3.0,0.418,1.5,0.326,1.5,0.575,0.52,0.9,0.702,0.8,4.7,5.5,5.5,0.9,0.6,8.4,DPOY-11,17.069477697126505
70,Deandre Ayton,POR,33654814.0,$25550814,aytonde01,144,27,LAL,C,5.6,0.671,0.0,,5.6,0.671,0.671,1.3,0.645,2.6,5.4,8.0,0.8,0.6,1.0,12.5,,17.33166666474402
71,Nic Claxton,BRK,25352272.0,$69443183,claxtni01,169,26,BRK,C,4.8,0.571,0.0,0.158,4.8,0.585,0.574,2.0,0.616,2.4,4.5,6.9,3.7,0.7,1.1,11.7,,17.04837890923191
72,Myles Turner,MIL,25318251.0,$79752492,turnemy01,165,29,MIL,C,4.0,0.44,2.1,0.383,1.9,0.523,0.553,1.8,0.74,1.1,4.3,5.3,1.5,0.7,1.6,11.9,,17.04703607702502
73,Trey Murphy III,NOP,25000000.0,$112000000,murphtr02,30,25,NOP,SF,7.5,0.47,3.2,0.379,4.2,0.577,0.572,3.3,0.886,1.0,4.8,5.7,3.8,1.5,0.4,21.5,,17.034386382832476
74,Josh Giddey,CHI,25000000.0,$100000000,giddejo01,74,23,CHI,PG,5.9,0.448,1.9,0.364,4.0,0.502,0.52,3.2,0.763,1.2,7.1,8.3,9.1,1.0,0.5,17.0,,17.034386382832476
75,Miles Bridges,CHO,25000000.0,$47826087,bridgmi02,71,27,CHO,PF,6.2,0.46,1.9,0.333,4.3,0.554,0.531,2.7,0.822,1.0,4.9,5.8,3.2,0.6,0.4,17.1,,17.034386382832476
77,Mikal Bridges,NYK,24900000.0,$133382144,bridgmi01,107,29,NYK,SF,5.8,0.49,1.9,0.371,3.9,0.582,0.571,1.0,0.827,1.0,2.8,3.8,3.7,1.3,0.8,14.4,,17.030378361434938
78,DeMar DeRozan,SAC,24570000.0,$24570000,derozde01,59,36,SAC,PF,6.5,0.497,0.6,0.32,5.9,0.527,0.52,4.9,0.868,0.5,2.5,2.9,4.1,1.0,0.3,18.4,,17.01703674449736
79,Jaden McDaniels,MIN,24393104.0,$108413793,mcdanja02,105,25,MIN,PF,5.7,0.515,1.4,0.412,4.3,0.562,0.579,2.0,0.835,1.0,3.2,4.2,2.7,1.1,1.0,14.8,,17.009811027367217
80,Jonathan Kuminga,ATL,23799569.0,$23799569,kuminjo01,152,23,2TM,PF,4.4,0.463,1.0,0.333,3.4,0.521,0.515,2.5,0.724,1.4,4.3,5.6,2.3,0.6,0.3,12.2,,16.98517802923403
80,Jonathan Kuminga,ATL,23799569.0,$23799569,kuminjo01,152,23,GSW,PF,4.4,0.454,0.9,0.321,3.6,0.504,0.497,2.5,0.742,1.5,4.4,5.9,2.5,0.4,0.3,12.1,,16.98517802923403
80,Jonathan Kuminga,ATL,23799569.0,$23799569,kuminjo01,152,23,ATL,PF,4.3,0.476,1.1,0.346,3.2,0.548,0.538,2.5,0.702,1.3,4.1,5.3,2.1,0.9,0.3,12.3,,16.98517802923403
81,De'Andre Hunter,SAC,23303571.0,$48214285,huntede01,124,28,2TM,SF,4.6,0.415,1.7,0.305,3.0,0.522,0.49,2.8,0.867,0.7,3.4,4.1,2.0,0.7,0.1,13.7,,16.964117168595113
81,De'Andre Hunter,SAC,23303571.0,$48214285,huntede01,124,28,CLE,SF,4.7,0.423,1.7,0.308,3.0,0.535,0.499,2.8,0.869,0.7,3.6,4.2,2.1,0.7,0.1,14.0,,16.964117168595113
81,De'Andre Hunter,SAC,23303571.0,$48214285,huntede01,124,28,SAC,SF,2.0,0.211,1.0,0.222,1.0,0.2,0.263,2.5,0.833,0.5,1.0,1.5,0.5,0.0,0.0,7.5,,16.964117168595113
82,Aaron Gordon,DEN,22841455.0,$92850172,gordoaa01,88,30,DEN,PF,5.5,0.497,1.7,0.389,3.8,0.568,0.574,3.5,0.767,1.4,4.4,5.8,2.7,0.6,0.3,16.2,,16.94408764475109
84,Kyle Kuzma,MIL,22410605.0,$42755757,kuzmaky01,140,30,MIL,PF,4.9,0.492,1.2,0.347,3.7,0.569,0.552,2.0,0.726,0.8,3.7,4.5,2.7,0.7,0.4,13.0,,16.925044842289093
85,Kentavious Caldwell-Pope,MEM,21621500.0,$21621500,caldwke01,265,32,MEM,SG,2.9,0.41,1.1,0.316,1.9,0.495,0.485,1.4,0.913,0.4,2.1,2.5,2.7,0.8,0.2,8.4,,16.889198747972156
86,Naz Reid,MIN,21551724.0,$96551724,reidna01,130,26,MIN,C,5.2,0.456,2.1,0.362,3.1,0.556,0.549,1.2,0.732,1.2,5.0,6.2,2.2,1.0,1.0,13.6,6MOY-4,16.8859663713142
87,Nikola Vučević,BOS,21481481.0,$21481481,vucevni01,99,35,2TM,C,6.2,0.493,1.6,0.369,4.6,0.557,0.556,1.2,0.828,2.0,6.4,8.4,3.3,0.6,0.6,15.1,,16.882701773086616
87,Nikola Vučević,BOS,21481481.0,$21481481,vucevni01,99,35,CHI,C,6.9,0.505,1.7,0.376,5.2,0.568,0.567,1.3,0.838,2.1,6.9,9.0,3.8,0.7,0.6,16.9,,16.882701773086616
87,Nikola Vučević,BOS,21481481.0,$21481481,vucevni01,99,35,BOS,C,3.8,0.439,1.1,0.34,2.7,0.5,0.504,0.9,0.789,1.6,5.1,6.6,2.0,0.4,0.6,9.7,,16.882701773086616
88,Dillon Brooks,PHO,21124110.0,$41116837,brookdi01,41,30,PHO,SF,7.4,0.435,2.3,0.344,5.2,0.492,0.501,3.0,0.842,0.8,2.9,3.6,1.8,1.0,0.2,20.2,,16.865925600142496
89,Cameron Johnson,DEN,21057065.0,$44119565,johnsca02,154,29,DEN,SF,4.2,0.48,2.0,0.43,2.2,0.539,0.596,1.7,0.839,0.8,3.0,3.8,2.4,0.7,0.4,12.2,,16.86274669123538
90,Norman Powell,MIA,20482758.0,$20482758,powelno01,28,32,MIA,SG,7.3,0.47,2.7,0.38,4.6,0.546,0.558,4.5,0.827,0.4,3.1,3.5,2.5,1.1,0.2,21.7,AS,16.835094017037413
91,Jarrett Allen,CLE,20000000.0,$110720000,allenja01,93,27,CLE,C,6.0,0.638,0.0,0.1,6.0,0.649,0.639,3.3,0.709,2.6,5.9,8.5,1.8,1.0,0.8,15.4,,16.811242831518264
92,Jakob Poeltl,TOR,19500000.0,$95784000,poeltja01,194,30,TOR,C,4.7,0.7,0.0,,4.7,0.7,0.7,1.3,0.602,2.5,4.5,7.0,2.0,0.9,0.7,10.7,,16.785925023533974
93,Josh Hart,NYK,19472240.0,$40396000,hartjo01,160,30,NYK,SF,4.6,0.508,1.5,0.413,3.0,0.574,0.593,1.4,0.72,1.4,6.0,7.4,4.8,1.1,0.3,12.0,,16.78450041952379
94,Bradley Beal,PHO,24737010.0,$96915050,bealbr01,273,32,LAC,SG,3.0,0.375,1.2,0.368,1.8,0.379,0.448,1.0,0.75,0.3,0.5,0.8,1.7,0.5,0.0,8.2,,17.023811060712948
95,Jusuf Nurkić,UTA,19375000.0,$19375000,nurkiju01,189,31,UTA,C,4.4,0.503,0.6,0.352,3.8,0.54,0.538,1.5,0.549,2.6,7.8,10.4,4.8,1.3,0.5,10.9,,16.779494133203684
96,Harrison Barnes,SAS,19000000.0,$19000000,barneha02,217,33,SAS,PF,3.4,0.456,1.8,0.388,1.6,0.567,0.577,1.3,0.829,0.8,2.0,2.8,1.9,0.6,0.2,9.9,,16.759949537130716
97,Collin Sexton,CHI,18975000.0,$18975000,sextoco01,92,27,2TM,SG,5.3,0.485,1.6,0.401,3.6,0.536,0.561,3.2,0.855,0.6,1.7,2.3,3.3,1.1,0.1,15.4,,16.75863288124597
97,Collin Sexton,CHI,18975000.0,$18975000,sextoco01,92,27,CHO,SG,4.8,0.488,1.4,0.393,3.5,0.539,0.557,3.2,0.877,0.4,1.5,1.9,3.7,0.9,0.2,14.2,,16.75863288124597
97,Collin Sexton,CHI,18975000.0,$18975000,sextoco01,92,27,CHI,SG,6.1,0.482,2.1,0.41,4.0,0.531,0.566,3.2,0.822,0.9,2.0,2.9,2.5,1.5,0.1,17.5,,16.75863288124597
98,Ivica Zubac,IND,18893980.0,$61026420,zubaciv01,114,28,2TM,C,6.0,0.598,0.0,,6.0,0.598,0.598,2.1,0.711,3.4,7.2,10.6,2.2,0.4,0.8,14.1,,16.754353910773556
98,Ivica Zubac,IND,18893980.0,$61026420,zubaciv01,114,28,LAC,C,6.1,0.613,0.0,,6.1,0.613,0.613,2.2,0.705,3.4,7.6,11.0,2.2,0.4,0.8,14.4,,16.754353910773556
98,Ivica Zubac,IND,18893980.0,$61026420,zubaciv01,114,28,IND,C,5.0,0.472,0.0,,5.0,0.472,0.472,1.6,0.8,2.8,4.4,7.2,1.8,0.4,0.8,11.6,,16.754353910773556
99,Malik Monk,SAC,18797619.0,$38987654,monkma01,146,27,SAC,SG,4.5,0.438,2.0,0.395,2.5,0.481,0.536,1.5,0.879,0.2,1.6,1.9,3.0,0.6,0.4,12.5,,16.749240770843354
100,Santi Aldama,MEM,18485916.0,$35492959,aldamsa01,117,25,MEM,PF,5.3,0.479,1.6,0.35,3.7,0.572,0.553,1.8,0.667,1.6,5.1,6.7,2.9,0.9,0.7,14.0,,16.73251970281731
101,Rui Hachimura,LAL,18259259.0,$18259259,hachiru01,177,27,LAL,PF,4.5,0.514,1.7,0.443,2.8,0.57,0.611,0.7,0.694,0.6,2.7,3.3,0.8,0.6,0.3,11.5,,16.72018285180385
102,Luguentz Dort,OKC,18222222.0,$18222222,dortlu01,268,26,OKC,SF,2.9,0.385,1.9,0.344,1.1,0.487,0.508,0.6,0.759,0.8,2.7,3.6,1.2,0.9,0.4,8.3,,16.718152396257132
103,Alex Caruso,OKC,18102000.0,$81096960,carusal01,351,31,OKC,SG,2.3,0.423,0.9,0.293,1.3,0.622,0.512,0.7,0.804,0.5,2.3,2.8,2.0,1.3,0.3,6.2,,16.711532987369253
104,Andrew Nembhard,IND,18102000.0,$58650480,nembhan01,76,26,IND,PG,5.8,0.442,1.9,0.361,4.0,0.495,0.513,3.4,0.825,0.4,2.4,2.8,7.7,0.9,0.1,16.9,,16.711532987369253
105,Zach Collins,CHI,18080496.0,$18080496,colliza01,221,28,CHI,C,3.7,0.578,0.9,0.429,2.8,0.651,0.648,1.4,0.7,1.6,4.0,5.6,1.5,0.2,0.4,9.7,,16.710344346180328
106,Patrick Williams,CHI,18000000.0,$54000000,willipa01,326,24,CHI,PF,2.5,0.372,1.3,0.347,1.2,0.407,0.472,0.8,0.72,0.7,2.3,3.0,1.5,0.7,0.4,7.0,,16.70588231586044
107,Kevin Huerter,DET,17991071.0,$17991071,huertke01,212,27,2TM,SF,3.9,0.451,1.4,0.308,2.4,0.624,0.535,0.8,0.775,0.5,3.0,3.5,2.6,0.9,0.5,10.0,,16.705386137228622
107,Kevin Huerter,DET,17991071.0,$17991071,huertke01,212,27,CHI,SF,4.2,0.455,1.6,0.314,2.6,0.63,0.542,0.9,0.732,0.5,3.3,3.8,2.6,0.8,0.6,10.9,,16.705386137228622
107,Kevin Huerter,DET,17991071.0,$17991071,huertke01,212,27,DET,SG,3.4,0.443,1.2,0.294,2.2,0.611,0.521,0.6,0.933,0.4,2.4,2.8,2.5,1.1,0.3,8.6,,16.705386137228622
108,Keldon Johnson,SAS,17500000.0,$35000000,johnske04,138,26,SAS,SF,5.0,0.519,1.2,0.363,3.8,0.601,0.582,1.9,0.794,1.7,3.7,5.4,1.4,0.6,0.1,13.2,6MOY-1,16.67771143889374
109,Grayson Allen,PHO,16875000.0,$35000000,allengr01,81,30,PHO,SG,5.3,0.403,3.1,0.349,2.2,0.519,0.522,2.8,0.857,0.7,2.3,3.0,3.8,1.4,0.3,16.5,,16.641343794722868
110,Duncan Robinson,DET,16834692.0,$16834692,robindu01,156,31,DET,SG,4.1,0.456,2.9,0.41,1.3,0.605,0.613,1.1,0.755,0.4,2.3,2.7,2.1,0.6,0.3,12.2,,16.638952315191656
111,Klay Thompson,DAL,16666667.0,$34126984,thompkl01,173,35,DAL,SF,4.1,0.393,2.9,0.383,1.2,0.418,0.532,0.5,0.766,0.3,1.8,2.1,1.4,0.5,0.3,11.7,,16.62892129472431
112,Bogdan Bogdanović,LAC,16020000.0,$16020000,bogdabo01,308,33,LAC,SG,2.6,0.388,1.4,0.347,1.1,0.456,0.497,0.9,0.8,0.3,2.3,2.6,2.2,0.4,0.1,7.4,,16.589348499604487
113,Max Strus,CLE,15936452.0,$32597288,strusma01,182,29,CLE,SF,3.9,0.443,2.8,0.402,1.2,0.583,0.599,0.6,0.778,0.8,4.7,5.4,2.0,0.3,0.0,11.2,,16.584119621858097
114,Terance Mann,BRK,15500000.0,$47000000,mannte01,316,29,BRK,SG,2.7,0.457,0.9,0.364,1.8,0.523,0.533,1.0,0.788,1.1,2.1,3.2,3.0,0.7,0.2,7.2,,16.556350581889475
115,Paolo Banchero,ORL,15334769.0,$201254769,banchpa01,26,23,ORL,PF,7.3,0.459,1.2,0.305,6.2,0.507,0.496,6.3,0.775,1.2,7.2,8.4,5.2,0.7,0.6,22.2,,16.545633291836985
116,Nickeil Alexander-Walker,ATL,15161800.0,$44727310,alexani01,35,27,ATL,SG,7.0,0.459,3.2,0.399,3.8,0.525,0.564,3.6,0.902,0.7,2.8,3.4,3.7,1.3,0.5,20.8,MIP-1,16.53428966463947
117,Onyeka Okongwu,ATL,15000000.0,$48000000,okongon01,97,25,ATL,C,5.6,0.48,1.9,0.376,3.6,0.564,0.564,2.1,0.757,1.9,5.7,7.6,3.1,1.1,1.1,15.2,,16.523560759066484
118,Jonathan Isaac,ORL,15000000.0,$44000000,isaacjo01,510,28,ORL,PF,0.9,0.422,0.1,0.184,0.8,0.549,0.454,0.7,0.603,0.8,1.7,2.5,0.4,0.4,0.6,2.6,,16.523560759066484
119,Isaiah Stewart,DET,15000000.0,$30000000,stewais01,216,24,DET,C,3.8,0.55,0.7,0.333,3.1,0.642,0.6,1.7,0.756,1.7,3.3,5.0,1.1,0.3,1.6,10.0,6MOY-7,16.523560759066484
120,Marcus Smart,WAS,19920855.0,$14786855,smartma01,234,31,LAL,SG,3.0,0.395,1.6,0.331,1.5,0.497,0.497,1.7,0.822,0.6,2.2,2.8,3.0,1.4,0.4,9.3,,16.807277730886366
121,Daniel Gafford,DAL,14386320.0,$68766609,gaffoda01,225,27,DAL,C,3.8,0.655,0.0,,3.8,0.655,0.655,2.0,0.683,2.5,4.4,6.9,1.1,0.8,1.3,9.5,,16.481788313010235
122,Deni Avdija,POR,14375000.0,$39375000,avdijde01,18,25,POR,SF,7.5,0.462,1.9,0.318,5.6,0.547,0.521,7.4,0.802,1.1,5.8,6.9,6.7,0.8,0.6,24.2,AS,16.48100114464769
123,P.J. Washington,DAL,14152174.0,$102914614,washipj01,113,27,DAL,PF,5.3,0.45,1.4,0.325,3.9,0.519,0.508,2.2,0.687,1.5,5.5,7.0,1.8,1.0,1.1,14.2,,16.46537880982814
124,Steven Adams,HOU,14130434.0,$39000000,adamsst01,364,32,HOU,C,2.2,0.504,0.0,,2.2,0.504,0.504,1.5,0.58,4.5,4.1,8.6,1.5,0.7,0.6,5.8,,16.463841468980245
125,Caris LeVert,DET,14104000.0,$28913200,leverca01,309,31,DET,SG,2.7,0.417,1.0,0.333,1.7,0.488,0.494,1.0,0.679,0.4,1.6,2.0,2.7,0.9,0.7,7.4,,16.461969003059842
126,Dennis Schröder,CLE,14104000.0,$28913200,schrode01,190,32,2TM,PG,3.6,0.405,1.1,0.329,2.6,0.449,0.465,2.4,0.834,0.5,2.2,2.7,4.9,0.8,0.2,10.8,,16.461969003059842
126,Dennis Schröder,CLE,14104000.0,$28913200,schrode01,190,32,SAC,PG,4.3,0.408,1.4,0.343,2.9,0.449,0.475,2.7,0.82,0.6,2.5,3.1,5.3,0.8,0.2,12.8,,16.461969003059842
126,Dennis Schröder,CLE,14104000.0,$28913200,schrode01,190,32,CLE,PG,2.8,0.401,0.6,0.29,2.2,0.448,0.444,2.1,0.861,0.4,1.9,2.3,4.3,0.8,0.2,8.2,,16.461969003059842
128,Obi Toppin,IND,14000000.0,$45025000,toppiob01,175,27,IND,PF,4.2,0.503,1.5,0.352,2.6,0.67,0.595,1.8,0.913,0.5,3.9,4.4,2.3,0.5,0.0,11.6,,16.454567887579532
129,Corey Kispert,ATL,13975000.0,$41000000,kispeco01,238,26,2TM,SF,3.2,0.467,1.5,0.367,1.7,0.618,0.577,1.3,0.794,0.5,1.8,2.3,1.6,0.3,0.2,9.2,,16.452780577005438
129,Corey Kispert,ATL,13975000.0,$41000000,kispeco01,238,26,WAS,SF,3.1,0.496,1.6,0.395,1.5,0.674,0.622,1.4,0.765,0.3,2.0,2.3,1.7,0.4,0.2,9.2,,16.452780577005438
129,Corey Kispert,ATL,13975000.0,$41000000,kispeco01,238,26,ATL,SF,3.2,0.455,1.5,0.354,1.7,0.596,0.558,1.3,0.81,0.5,1.7,2.3,1.5,0.2,0.2,9.2,,16.452780577005438
130,Herbert Jones,NOP,13937574.0,$72221624,joneshe01,245,27,NOP,SF,3.3,0.383,1.4,0.309,1.8,0.47,0.467,0.9,0.806,0.8,2.6,3.4,2.8,1.6,0.5,8.9,,16.450098916587557
131,Austin Reaves,LAL,13937574.0,$13937574,reaveau01,24,27,LAL,SG,7.3,0.49,2.3,0.36,5.0,0.588,0.567,6.3,0.871,0.6,4.1,4.7,5.5,1.1,0.4,23.3,,16.450098916587557
132,Cooper Flagg,DAL,13825920.0,$28343400,flaggco01,32,19,DAL,SF,8.0,0.468,1.0,0.295,7.0,0.513,0.498,4.0,0.827,1.2,5.4,6.7,4.5,1.2,0.9,21.0,ROY-1,16.442055649270696
133,Chet Holmgren,OKC,13731368.0,$254431368,holmgch01,72,23,OKC,PF,6.3,0.557,1.3,0.362,5.0,0.646,0.614,3.3,0.792,1.9,7.0,8.9,1.7,0.6,1.9,17.1,DPOY-2AS,16.435193408614776
134,Josh Green,CHO,13666667.0,$28345679,greenjo02,434,25,CHO,SG,1.4,0.459,1.0,0.42,0.4,0.581,0.619,0.4,0.893,0.8,1.0,1.8,0.8,0.6,0.1,4.3,,16.430470360390714
135,Grant Williams,CHO,13645500.0,$27911250,willigr01,325,27,CHO,PF,2.2,0.426,1.4,0.388,0.7,0.531,0.568,1.2,0.815,1.3,2.7,3.9,1.6,0.5,0.5,7.0,,16.428920354912364
136,Bobby Portis,MIL,13445754.0,$27967168,portibo01,125,30,MIL,PF,5.5,0.488,2.0,0.456,3.4,0.509,0.578,0.7,0.706,1.3,5.1,6.4,1.6,0.6,0.2,13.7,,16.41417392643992
137,Kelly Olynyk,SAS,13445122.0,$13445122,olynyke01,484,34,SAS,C,1.1,0.49,0.3,0.255,0.8,0.714,0.552,0.6,0.711,0.6,1.2,1.8,1.2,0.4,0.1,3.2,,16.41412692164914
138,Victor Wembanyama,SAS,13376880.0,$30245126,wembavi01,17,22,SAS,C,8.6,0.512,1.9,0.349,6.7,0.59,0.569,5.8,0.827,2.0,9.5,11.5,3.1,1.0,3.1,25.0,DPOY-1AS,16.40903840161627
139,Robert Williams,POR,13285713.0,$13285713,williro04,335,28,POR,C,3.0,0.708,0.2,0.391,2.8,0.74,0.726,0.6,0.596,2.4,4.6,7.0,1.0,0.6,1.5,6.7,,16.402199805288017
140,Zaccharie Risacher,ATL,13197720.0,$27023760,risacza01,224,20,ATL,SF,3.6,0.455,1.4,0.368,2.2,0.536,0.544,0.9,0.644,1.1,2.8,3.8,1.1,0.9,0.5,9.6,,16.395554645364797
141,Mitchell Robinson,NYK,12954546.0,$12954546,robinmi01,377,27,NYK,C,2.5,0.723,0.0,,2.5,0.723,0.723,0.7,0.408,4.2,4.6,8.8,0.9,0.9,1.2,5.7,6MOY-8,16.37695732697987
142,Coby White,CHO,12888889.0,$12888889,whiteco01,67,25,2TM,SG,5.6,0.446,2.3,0.362,3.3,0.534,0.539,3.9,0.817,0.3,3.1,3.4,4.0,0.5,0.1,17.4,,16.37187618035511
142,Coby White,CHO,12888889.0,$12888889,whiteco01,67,25,CHI,SG,5.9,0.438,2.5,0.346,3.4,0.541,0.529,4.3,0.805,0.2,3.5,3.7,4.7,0.7,0.1,18.6,,16.37187618035511
142,Coby White,CHO,12888889.0,$12888889,whiteco01,67,25,CHO,SG,5.0,0.461,2.0,0.391,3.0,0.525,0.554,3.5,0.839,0.5,2.5,3.0,3.0,0.2,0.1,15.6,,16.37187618035511
143,Dorian Finney-Smith,HOU,12700000.0,$39370000,finnedo01,476,32,HOU,PF,1.2,0.333,0.7,0.27,0.5,0.531,0.436,0.2,0.889,0.9,1.6,2.5,1.0,0.4,0.2,3.3,,16.35711255142882
144,Brandon Clarke,MEM,12500000.0,$25000000,clarkbr01,451,29,MEM,PF,1.5,0.333,0.0,,1.5,0.333,0.333,1.0,0.5,2.0,1.0,3.0,0.5,1.0,0.0,4.0,,16.34123920227253
145,Dylan Harper,SAS,12370320.0,$25359360,harpedy01,167,19,SAS,SG,4.8,0.505,0.9,0.343,3.9,0.565,0.551,1.3,0.756,0.8,2.6,3.4,3.9,0.8,0.3,11.8,ROY-46MOY-11,16.330810613072067
146,Isaiah Joe,OKC,12362338.0,$23685344,joeis01,184,26,OKC,SG,3.5,0.455,2.5,0.423,0.9,0.574,0.622,1.5,0.894,0.5,2.1,2.5,1.3,0.7,0.2,11.1,,16.330165150681644
147,Jabari Smith Jr.,HOU,12350392.0,$134350392,smithja05,91,22,HOU,PF,5.7,0.45,2.3,0.363,3.4,0.537,0.541,2.1,0.775,1.4,5.5,6.9,1.9,0.7,0.9,15.8,,16.329198361425217
148,Donte DiVincenzo,MIN,11990000.0,$24525000,divindo01,153,29,MIN,SG,4.1,0.406,3.0,0.379,1.2,0.497,0.552,1.0,0.743,0.8,3.3,4.1,3.8,1.3,0.4,12.2,,16.299583527003698
149,Brandon Miller,CHO,11968800.0,$27073426,millebr02,42,23,CHO,SF,7.0,0.435,3.1,0.383,3.8,0.489,0.533,3.1,0.892,1.1,3.8,4.9,3.3,1.0,0.7,20.2,,16.29781382188216
150,Alex Sarr,WAS,11808240.0,$24178920,sarral01,86,20,WAS,C,6.6,0.482,1.0,0.333,5.5,0.526,0.52,2.1,0.692,2.2,5.2,7.4,2.7,0.8,2.0,16.3,,16.28430815081909
151,Davion Mitchell,MIA,11600000.0,$24000000,mitchda01,231,27,MIA,PG,3.7,0.49,1.3,0.395,2.4,0.561,0.574,0.6,0.646,0.5,2.2,2.7,6.5,1.0,0.2,9.3,,16.266515656076592
152,Moses Moody,GSW,11574075.0,$37500000,moodymo01,158,23,GSW,SG,4.1,0.44,2.5,0.401,1.6,0.522,0.575,1.5,0.77,0.9,2.5,3.3,1.6,1.0,0.6,12.1,,16.2642782411364
153,Jarred Vanderbilt,LAL,11571429.0,$24000000,vandeja01,431,26,LAL,PF,1.7,0.471,0.4,0.293,1.3,0.596,0.531,0.5,0.589,1.2,3.3,4.5,1.3,0.8,0.3,4.4,,16.264049600618435
154,Matisse Thybulle,POR,11550000.0,$11550000,thybuma01,369,28,POR,SG,1.9,0.433,1.2,0.398,0.7,0.512,0.571,0.7,0.84,0.6,1.4,2.0,0.9,2.0,0.5,5.8,,16.26219599493208
155,Gabe Vincent,ATL,11500000.0,$11500000,vincega01,425,29,2TM,PG,1.4,0.352,1.1,0.341,0.3,0.395,0.488,0.4,0.87,0.3,0.7,1.0,1.4,0.5,0.1,4.4,,16.25785759333348
155,Gabe Vincent,ATL,11500000.0,$11500000,vincega01,425,29,LAL,PG,1.6,0.346,1.3,0.369,0.2,0.259,0.492,0.3,0.909,0.2,0.7,0.9,1.3,0.5,0.0,4.8,,16.25785759333348
155,Gabe Vincent,ATL,11500000.0,$11500000,vincega01,425,29,ATL,PG,1.3,0.36,0.9,0.3,0.4,0.625,0.483,0.4,0.833,0.4,0.7,1.1,1.6,0.5,0.1,3.9,,16.25785759333348
156,Keegan Murray,SAC,11144093.0,$151144093,murrake02,118,25,SAC,PF,5.5,0.42,1.3,0.277,4.1,0.505,0.472,1.7,0.776,1.4,4.3,5.7,1.7,1.0,1.6,14.0,,16.226420139704874
157,VJ Edgecombe,PHI,11108880.0,$22772760,edgecvj01,89,20,PHI,SG,6.0,0.438,2.0,0.354,4.0,0.496,0.51,2.0,0.818,1.6,4.0,5.6,4.2,1.4,0.5,16.0,ROY-3,16.223255346453126
158,Aaron Nesmith,IND,11000000.0,$62389440,nesmiaa01,121,26,IND,SF,4.7,0.414,2.3,0.379,2.4,0.455,0.517,2.0,0.829,1.1,3.1,4.2,1.9,0.6,0.5,13.8,,16.213405830762646
159,Luke Kornet,SAS,11000000.0,$24000000,kornelu01,339,30,SAS,C,2.6,0.643,0.0,,2.6,0.643,0.643,1.4,0.825,2.7,3.4,6.1,1.9,0.5,1.0,6.5,,16.213405830762646
160,Isaac Okoro,CHI,11000000.0,$22814814,okorois01,232,25,CHI,SG,3.3,0.46,1.2,0.33,2.2,0.58,0.539,1.4,0.795,1.1,1.7,2.7,1.6,0.7,0.5,9.3,,16.213405830762646
161,Luke Kennard,LAL,11000000.0,$11000000,kennalu01,264,29,2TM,SG,3.0,0.533,1.5,0.478,1.5,0.601,0.665,0.8,0.913,0.4,1.9,2.3,2.2,0.7,0.1,8.4,,16.213405830762646
161,Luke Kennard,LAL,11000000.0,$11000000,kennalu01,264,29,ATL,SG,2.8,0.538,1.6,0.497,1.2,0.604,0.692,0.7,0.914,0.4,1.7,2.2,2.1,0.7,0.1,7.9,,16.213405830762646
161,Luke Kennard,LAL,11000000.0,$11000000,kennalu01,264,29,LAL,SG,3.3,0.527,1.3,0.448,2.0,0.598,0.633,1.0,0.912,0.4,2.2,2.6,2.4,0.7,0.1,9.0,,16.213405830762646
162,Maxi Kleber,LAL,11000000.0,$11000000,klebima01,535,34,LAL,PF,0.8,0.452,0.1,0.231,0.6,0.574,0.493,0.3,0.538,0.8,1.1,2.0,0.6,0.4,0.3,2.0,,16.213405830762646
163,Wendell Carter Jr.,ORL,10850000.0,$48502160,cartewe01,166,26,ORL,C,4.2,0.512,0.9,0.319,3.3,0.618,0.568,2.5,0.792,2.1,5.3,7.4,2.0,0.8,0.6,11.8,,16.199675637950744
164,Mike Conley,CHO,11499872.0,$10774038,conlemi01,419,38,MIN,PG,1.3,0.335,1.0,0.337,0.3,0.327,0.465,0.8,0.9,0.3,1.4,1.7,2.9,0.6,0.3,4.5,,16.257846462836753
165,Scoot Henderson,POR,10748040.0,$24333563,hendesc01,112,21,POR,PG,4.8,0.418,1.9,0.352,2.9,0.478,0.501,2.8,0.84,0.6,2.1,2.7,3.7,0.9,0.3,14.2,,16.19023397033322
166,Jordan Clarkson,UTA,12947835.0,$10651561,clarkjo01,255,33,NYK,SG,3.3,0.451,1.0,0.327,2.3,0.535,0.517,1.1,0.83,0.9,0.9,1.8,1.3,0.4,0.1,8.6,,16.37643915066626
167,Reed Sheppard,HOU,10603560.0,$21712440,sheppre01,133,21,HOU,SG,5.0,0.43,2.8,0.394,2.2,0.486,0.55,0.8,0.802,0.3,2.6,2.9,3.4,1.5,0.7,13.5,6MOY-6,16.176700351754228
168,Jonas Valančiūnas,DEN,10395000.0,$10395000,valanjo01,254,33,DEN,C,3.5,0.582,0.1,0.308,3.4,0.602,0.592,1.6,0.772,1.6,3.4,5.1,1.2,0.2,0.6,8.7,,16.15683547927425
169,T.J. McConnell,IND,10200000.0,$33000000,mccontj01,227,33,IND,PG,4.3,0.538,0.3,0.32,4.0,0.565,0.556,0.4,0.862,0.4,1.8,2.2,5.1,1.0,0.2,9.4,,16.1378982782545
170,Royce O'Neale,PHO,10125000.0,$32625000,onealro01,220,32,PHO,SF,3.4,0.421,2.7,0.408,0.7,0.486,0.59,0.3,0.711,0.8,4.0,4.8,2.7,1.1,0.4,9.8,,16.130518170956876
171,Jaden Ivey,CHI,10107163.0,$10107163,iveyja01,258,23,2TM,SG,3.1,0.445,1.4,0.373,1.7,0.525,0.543,1.0,0.809,0.6,1.8,2.5,1.8,0.6,0.4,8.5,,16.128754938363183
171,Jaden Ivey,CHI,10107163.0,$10107163,iveyja01,258,23,DET,SG,3.0,0.45,1.3,0.372,1.7,0.533,0.545,0.9,0.789,0.6,1.6,2.2,1.6,0.5,0.4,8.2,,16.128754938363183
171,Jaden Ivey,CHI,10107163.0,$10107163,iveyja01,258,23,CHI,SG,3.8,0.417,2.0,0.381,1.8,0.467,0.528,2.0,0.889,1.3,3.5,4.8,4.0,2.0,0.5,11.5,,16.128754938363183
172,Aaron Wiggins,OKC,10102803.0,$27672900,wiggiaa01,229,27,OKC,SG,3.6,0.431,1.5,0.356,2.1,0.508,0.521,0.8,0.736,0.6,2.4,3.1,1.7,0.9,0.4,9.4,,16.128323468061094
173,Sam Hauser,BOS,10044644.0,$45000000,hausesa01,237,28,BOS,PF,3.2,0.419,2.5,0.393,0.7,0.557,0.584,0.2,0.85,0.7,3.1,3.8,1.5,0.5,0.3,9.2,,16.12255011508547
174,Kon Knueppel,CHO,10015680.0,$20532240,knuepko01,58,20,CHO,SF,6.4,0.475,3.4,0.425,3.0,0.548,0.601,2.4,0.863,1.2,4.1,5.3,3.4,0.7,0.2,18.5,ROY-2,16.119662422929853
175,Derrick Jones Jr.,LAC,10000000.0,$20476190,jonesde02,211,28,LAC,SF,3.8,0.499,1.1,0.359,2.7,0.593,0.571,1.4,0.763,1.2,2.2,3.5,1.4,0.9,1.0,10.1,,16.11809565095832
176,Lonzo Ball,UTA,10000000.0,$10000000,balllo01,413,28,CLE,PG,1.5,0.301,1.1,0.272,0.4,0.448,0.415,0.4,0.667,0.7,3.3,4.0,3.9,1.3,0.3,4.6,,16.11809565095832
177,Amen Thompson,HOU,9690600.0,$21949209,thompam01,60,23,HOU,PG,7.1,0.534,0.3,0.216,6.7,0.573,0.545,3.8,0.779,3.0,4.8,7.8,5.3,1.5,0.6,18.3,DPOY-8,16.08666690145466
178,Caleb Martin,DAL,9594044.0,$19595537,martica02,455,30,DAL,SF,1.5,0.45,0.3,0.351,1.1,0.492,0.503,0.6,0.607,0.5,2.0,2.5,1.4,0.7,0.3,3.9,,16.07665304723334
179,Stephon Castle,SAS,9560520.0,$19576440,castlst01,79,21,SAS,PG,5.7,0.471,1.2,0.332,4.5,0.531,0.521,4.1,0.734,1.4,3.9,5.3,7.4,1.1,0.3,16.7,,16.073152676853763
180,Pat Connaughton,CHO,10739683.0,$10739683,connapa01,509,33,CHO,SG,0.9,0.447,0.5,0.404,0.4,0.515,0.571,0.3,0.65,0.4,1.1,1.5,0.4,0.3,0.0,2.6,,16.189456130780716
181,Buddy Hield,ATL,9219512.0,$18878048,hieldbu01,298,33,2TM,SG,2.8,0.437,1.5,0.349,1.4,0.6,0.55,0.6,0.811,0.5,1.7,2.3,1.4,0.8,0.2,7.6,,16.036832665715533
181,Buddy Hield,ATL,9219512.0,$18878048,hieldbu01,298,33,GSW,SG,3.0,0.433,1.5,0.344,1.4,0.6,0.545,0.6,0.794,0.6,1.9,2.5,1.5,0.8,0.2,8.0,,16.036832665715533
181,Buddy Hield,ATL,9219512.0,$18878048,hieldbu01,298,33,ATL,SG,1.9,0.481,1.0,0.412,0.9,0.6,0.611,0.4,1.0,0.1,1.0,1.1,0.7,0.3,0.0,5.1,,16.036832665715533
182,Kyle Anderson,MEM,9219512.0,$9219512,anderky01,349,32,3TM,SF,2.5,0.53,0.1,0.364,2.4,0.539,0.54,1.1,0.706,1.0,2.5,3.5,2.9,1.0,0.6,6.2,,16.036832665715533
182,Kyle Anderson,MEM,9219512.0,$9219512,anderky01,349,32,UTA,SF,2.9,0.523,0.2,0.6,2.7,0.519,0.537,1.3,0.658,1.0,2.4,3.3,3.1,1.2,0.5,7.1,,16.036832665715533
182,Kyle Anderson,MEM,9219512.0,$9219512,anderky01,349,32,MEM,SF,3.8,0.789,0.3,1.0,3.5,0.778,0.816,1.5,0.75,0.8,2.8,3.5,0.8,1.5,1.0,9.3,,16.036832665715533
182,Kyle Anderson,MEM,9219512.0,$9219512,anderky01,349,32,MIN,SF,1.8,0.473,0.0,0.0,1.8,0.507,0.473,0.9,0.773,1.1,2.6,3.7,3.3,0.8,0.6,4.6,,16.036832665715533
183,Bennedict Mathurin,LAC,9187573.0,$9187573,mathube01,66,23,2TM,SF,5.4,0.43,1.4,0.315,4.0,0.492,0.485,5.4,0.869,1.0,4.4,5.4,2.4,0.8,0.2,17.6,,16.033362368049893
183,Bennedict Mathurin,LAC,9187573.0,$9187573,mathube01,66,23,IND,SF,5.5,0.433,2.1,0.372,3.5,0.48,0.514,4.6,0.884,0.8,4.6,5.4,2.3,0.6,0.1,17.8,,16.033362368049893
183,Bennedict Mathurin,LAC,9187573.0,$9187573,mathube01,66,23,LAC,SF,5.2,0.426,0.7,0.207,4.6,0.502,0.453,6.3,0.858,1.3,4.2,5.5,2.5,1.0,0.3,17.4,,16.033362368049893
184,Ace Bailey,UTA,9069840.0,$18592920,baileac01,120,19,UTA,SF,5.5,0.443,1.9,0.344,3.6,0.522,0.52,0.9,0.75,1.4,2.8,4.2,1.8,0.8,0.7,13.8,,16.020465181362404
185,Naji Marshall,DAL,9000000.0,$18428571,marshna01,96,28,DAL,SF,5.7,0.51,0.8,0.291,4.8,0.587,0.548,3.1,0.76,0.9,3.8,4.7,3.3,1.1,0.1,15.2,,16.012735135300492
186,Jalen Smith,CHI,9000000.0,$18428571,smithja04,208,25,CHI,C,3.7,0.483,1.5,0.373,2.1,0.614,0.584,1.3,0.742,1.8,4.8,6.7,1.2,0.5,0.8,10.2,,16.012735135300492
187,Ty Jerome,MEM,8781000.0,$18001050,jeromty01,48,28,MEM,SG,6.8,0.474,2.8,0.42,4.0,0.522,0.572,3.3,0.875,0.7,2.1,2.8,5.7,1.1,0.3,19.7,,15.988100854342132
188,Ausar Thompson,DET,8775000.0,$19892925,thompau01,219,23,DET,SF,4.2,0.525,0.1,0.25,4.1,0.537,0.53,1.5,0.571,2.1,3.7,5.7,3.1,2.0,0.9,9.9,DPOY-3,15.987417327316203
189,Brook Lopez,LAC,8750000.0,$8750000,lopezbr01,262,37,LAC,C,3.1,0.428,1.5,0.36,1.6,0.524,0.533,0.7,0.757,0.6,3.0,3.6,1.3,0.6,1.2,8.5,,15.984564258333798
190,Quentin Grimes,PHI,8741209.0,$8741209,grimequ01,135,25,PHI,SG,4.5,0.45,1.7,0.334,2.8,0.568,0.534,2.7,0.84,0.6,3.0,3.6,3.3,0.9,0.4,13.4,,15.983559067584522
191,Ron Holland,DET,8657280.0,$17726880,hollaro01,275,20,DET,SF,3.0,0.432,0.6,0.253,2.4,0.535,0.478,1.5,0.805,1.1,3.0,4.0,1.2,1.2,0.3,8.2,,15.973911143442912
192,Sam Merrill,CLE,8482144.0,$38000000,merrisa01,142,29,CLE,SG,4.3,0.461,3.0,0.421,1.3,0.596,0.624,1.1,0.855,0.5,2.0,2.6,2.4,0.6,0.1,12.8,,15.953473806000599
193,Jaylin Williams,OKC,8450704.0,$16225352,willija07,319,23,OKC,PF,2.3,0.423,1.5,0.383,0.8,0.531,0.563,1.1,0.793,0.5,5.0,5.5,2.4,0.5,0.6,7.2,,15.949760309472438
194,Shaedon Sharpe,POR,8399983.0,$98399983,sharpsh01,36,22,POR,SG,7.8,0.452,2.1,0.337,5.8,0.514,0.511,3.1,0.787,1.0,3.3,4.3,2.6,1.4,0.1,20.8,,15.94374024000197
195,Kelly Oubre Jr.,PHI,8382150.0,$8382150,oubreke01,116,30,PHI,SF,5.1,0.467,1.7,0.36,3.4,0.551,0.546,2.2,0.766,1.0,4.0,5.0,1.6,1.4,0.5,14.1,,15.941615002797368
196,Goga Bitadze,ORL,8333333.0,$15942029,bitadgo01,360,26,ORL,C,2.4,0.676,0.0,0.182,2.3,0.701,0.68,1.1,0.711,2.1,2.9,5.0,1.3,0.6,1.0,5.9,,15.935774054164364
197,Simone Fontecchio,MIA,8307692.0,$8307692,fontesi01,260,30,MIA,SF,2.8,0.412,1.8,0.375,1.0,0.497,0.542,1.2,0.843,0.8,2.2,3.0,1.4,0.5,0.1,8.5,,15.932692390589919
198,Tre Johnson,WAS,8237640.0,$16887240,johnstr03,155,19,WAS,SG,4.5,0.419,1.9,0.358,2.6,0.479,0.508,1.3,0.874,0.5,2.4,2.8,2.0,0.6,0.3,12.2,,15.924224453096127
200,Zeke Nnaji,DEN,8177778.0,$15644445,nnajize01,464,25,DEN,PF,1.4,0.47,0.3,0.259,1.1,0.588,0.517,0.7,0.773,0.6,2.0,2.6,0.6,0.3,0.5,3.7,,15.916931033536798
201,Deandre Ayton,LAL,33654814.0,$8104000,aytonde01,144,27,LAL,C,5.6,0.671,0.0,,5.6,0.671,0.671,1.3,0.645,2.6,5.4,8.0,0.8,0.6,1.0,12.5,,17.33166666474402
202,Tre Mann,CHO,8000000.0,$16000000,manntr01,386,24,CHO,PG,2.1,0.36,0.9,0.323,1.1,0.399,0.442,0.4,0.852,0.4,1.4,1.7,1.6,0.5,0.1,5.5,,15.89495209964411
203,Tre Jones,CHI,8000000.0,$16000000,jonestr01,115,26,CHI,PG,5.2,0.553,0.6,0.315,4.6,0.616,0.586,2.9,0.841,0.6,2.6,3.1,5.4,1.2,0.2,14.1,,15.89495209964411
204,Kevon Looney,NOP,8000000.0,$8000000,looneke01,502,29,NOP,C,1.2,0.417,0.1,0.154,1.1,0.489,0.433,0.3,0.7,2.3,3.3,5.6,1.6,0.4,0.5,2.8,,15.89495209964411
205,Anthony Black,ORL,7970280.0,$18076596,blackan01,100,22,ORL,PG,5.4,0.447,1.6,0.333,3.8,0.519,0.512,2.6,0.732,0.7,3.1,3.8,3.7,1.4,0.7,15.0,,15.891230181893333
206,Tidjane Salaün,CHO,7863240.0,$16101120,salauti01,359,20,CHO,PF,2.2,0.503,1.0,0.434,1.2,0.579,0.616,0.7,0.65,0.7,3.3,4.0,0.7,0.4,0.2,6.0,,15.877709293209104
207,Max Christie,DAL,7714286.0,$16000000,chrisma02,149,22,DAL,SG,4.2,0.441,2.3,0.404,1.8,0.502,0.566,1.6,0.899,0.2,3.0,3.2,2.0,0.6,0.4,12.3,,15.858584492510271
208,Dyson Daniels,ATL,7707709.0,$107707709,daniedy01,163,22,ATL,SG,5.3,0.517,0.3,0.188,5.0,0.576,0.532,1.0,0.615,2.4,4.4,6.8,5.9,2.0,0.4,11.9,DPOY-9,15.85773155481982
209,Isaiah Jackson,LAC,7600000.0,$21000000,jacksis01,332,24,2TM,C,2.7,0.637,0.0,0.0,2.7,0.645,0.637,1.2,0.648,2.1,3.2,5.3,0.9,0.7,0.9,6.7,,15.84365880525656
209,Isaiah Jackson,LAC,7600000.0,$21000000,jacksis01,332,24,IND,C,2.5,0.582,0.0,0.0,2.5,0.585,0.582,1.3,0.689,2.3,3.3,5.6,0.8,0.7,0.8,6.4,,15.84365880525656
209,Isaiah Jackson,LAC,7600000.0,$21000000,jacksis01,332,24,LAC,C,3.2,0.764,0.0,0.0,3.2,0.786,0.764,1.0,0.548,1.6,3.1,4.6,1.2,0.6,1.2,7.5,,15.84365880525656
210,Jeremiah Fears,NOP,7520040.0,$15416280,fearsje01,110,19,NOP,PG,5.3,0.434,1.2,0.33,4.1,0.48,0.485,2.4,0.789,0.7,2.9,3.7,3.4,1.2,0.4,14.3,,15.833082015060812
211,Ayo Dosunmu,MIN,7518518.0,$7518518,dosunay01,103,26,2TM,SG,5.6,0.517,1.8,0.439,3.8,0.563,0.599,1.8,0.876,0.7,2.8,3.4,3.6,0.8,0.3,14.8,6MOY-9,15.832879602036213
211,Ayo Dosunmu,MIN,7518518.0,$7518518,dosunay01,103,26,CHI,SG,5.6,0.514,1.9,0.451,3.6,0.556,0.604,2.0,0.857,0.7,2.3,3.0,3.6,0.8,0.3,15.0,,15.832879602036213
211,Ayo Dosunmu,MIN,7518518.0,$7518518,dosunay01,103,26,MIN,SG,5.7,0.521,1.5,0.414,4.2,0.575,0.59,1.5,0.925,0.6,3.6,4.2,3.5,1.0,0.3,14.4,,15.832879602036213
212,Bilal Coulibaly,WAS,7275600.0,$16515612,coulibi01,171,21,WAS,SG,4.1,0.425,1.2,0.319,2.9,0.49,0.485,2.4,0.746,0.9,3.5,4.3,2.6,1.3,1.0,11.7,,15.800036841847822
213,Payton Pritchard,BOS,7232143.0,$23303571,pritcpa01,75,28,BOS,PG,6.4,0.464,2.7,0.377,3.7,0.556,0.561,1.5,0.89,0.9,3.1,3.9,5.2,0.7,0.1,17.0,,15.79404595408875
214,Donovan Clingan,POR,7178400.0,$14698320,clingdo01,157,21,POR,C,4.6,0.52,1.1,0.341,3.5,0.621,0.582,1.8,0.68,4.5,7.1,11.6,2.1,0.6,1.7,12.1,,15.786587074965984
215,Kenrich Williams,OKC,7163000.0,$7163000,willike04,342,31,OKC,PF,2.5,0.473,0.9,0.388,1.6,0.539,0.557,0.6,0.635,1.1,2.3,3.3,1.4,0.6,0.1,6.5,,15.784439445596588
216,Jeremy Sochan,SAS,7874853.0,$7096231,sochaje01,466,22,2TM,PF,1.5,0.496,0.3,0.244,1.2,0.631,0.539,0.4,0.731,0.8,1.6,2.4,0.9,0.4,0.2,3.6,,15.87918507583508
216,Jeremy Sochan,SAS,7874853.0,$7096231,sochaje01,466,22,SAS,PF,1.7,0.475,0.3,0.257,1.4,0.594,0.52,0.4,0.688,0.9,1.7,2.6,1.0,0.4,0.2,4.1,,15.87918507583508
216,Jeremy Sochan,SAS,7874853.0,$7096231,sochaje01,466,22,NYK,PF,1.1,0.567,0.1,0.2,0.9,0.75,0.6,0.5,0.8,0.7,1.4,2.1,0.8,0.4,0.1,2.8,,15.87918507583508
217,Tyus Jones,DAL,7000000.0,$7000000,jonesty01,488,29,3TM,PG,1.1,0.349,0.6,0.292,0.5,0.444,0.44,0.1,0.778,0.2,1.0,1.1,2.4,0.6,0.0,3.0,,15.761420707019587
217,Tyus Jones,DAL,7000000.0,$7000000,jonesty01,488,29,ORL,PG,1.1,0.342,0.6,0.294,0.5,0.429,0.437,0.1,1.0,0.2,0.9,1.1,2.4,0.7,0.1,3.0,,15.761420707019587
217,Tyus Jones,DAL,7000000.0,$7000000,jonesty01,488,29,DAL,PG,1.6,0.382,0.5,0.211,1.1,0.6,0.441,0.1,0.5,0.1,1.0,1.1,3.8,0.4,0.0,3.9,,15.761420707019587
217,Tyus Jones,DAL,7000000.0,$7000000,jonesty01,488,29,DEN,PG,0.8,0.346,0.5,0.375,0.3,0.3,0.462,0.0,0.0,0.2,1.1,1.3,1.2,0.1,0.0,2.2,,15.761420707019587
218,Egor Dёmin,BRK,6889200.0,$14122920,demineg01,202,19,BRK,PG,3.4,0.399,2.4,0.385,1.1,0.433,0.537,1.0,0.831,0.4,2.8,3.2,3.3,0.8,0.3,10.3,,15.745465525943729
219,Jevon Carter,CHI,7680524.0,$6809524,carteje01,343,30,2TM,PG,2.3,0.401,1.5,0.363,0.8,0.489,0.528,0.3,0.789,0.3,1.4,1.7,1.6,0.8,0.2,6.4,,15.854198331963017
219,Jevon Carter,CHI,7680524.0,$6809524,carteje01,343,30,CHI,PG,1.8,0.398,1.4,0.41,0.4,0.36,0.553,0.4,1.0,0.2,0.9,1.1,0.8,0.6,0.1,5.4,,15.854198331963017
219,Jevon Carter,CHI,7680524.0,$6809524,carteje01,343,30,ORL,PG,2.7,0.402,1.5,0.336,1.2,0.537,0.515,0.2,0.556,0.3,1.8,2.1,2.3,0.9,0.3,7.2,,15.854198331963017
220,Clint Capela,HOU,6700000.0,$21105000,capelca01,457,31,HOU,C,1.6,0.52,0.0,0.5,1.6,0.52,0.522,0.6,0.577,2.1,2.5,4.6,0.7,0.5,0.8,3.8,,15.717618084361195
221,Ousmane Dieng,MIL,6670882.0,$6670882,diengou01,297,22,2TM,C,2.9,0.422,1.1,0.341,1.8,0.493,0.501,0.6,0.711,0.5,2.6,3.2,2.4,0.4,0.3,7.6,,15.713262643032735
221,Ousmane Dieng,MIL,6670882.0,$6670882,diengou01,297,22,OKC,C,1.4,0.418,0.7,0.367,0.7,0.476,0.516,0.2,1.0,0.3,1.3,1.6,1.0,0.1,0.3,3.7,,15.713262643032735
221,Ousmane Dieng,MIL,6670882.0,$6670882,diengou01,297,22,MIL,C,4.3,0.423,1.5,0.331,2.8,0.497,0.497,0.9,0.667,0.7,3.9,4.6,3.6,0.8,0.3,11.0,,15.713262643032735
222,Jarace Walker,IND,6665520.0,$15144062,walkeja02,176,22,IND,PF,4.0,0.419,1.8,0.374,2.3,0.462,0.51,1.8,0.749,0.6,4.5,5.1,2.5,0.8,0.3,11.6,,15.712458528056459
223,Dean Wade,CLE,6623456.0,,wadede01,371,29,CLE,PF,2.1,0.439,1.2,0.362,0.9,0.622,0.567,0.5,0.711,0.9,3.3,4.2,1.5,0.7,0.4,5.8,,15.706127846070876
224,Jalen Williams,OKC,6580997.0,$247280997,willija06,73,24,OKC,SG,6.5,0.484,0.7,0.299,5.8,0.523,0.51,3.3,0.837,0.8,3.8,4.6,5.5,1.2,0.3,17.1,,15.69969681158038
225,Rob Dillingham,CHI,6576120.0,$13465440,dilliro01,347,21,2TM,PG,2.5,0.396,0.6,0.316,1.9,0.434,0.447,0.6,0.745,0.3,1.7,2.0,2.2,0.7,0.1,6.3,,15.69895546372684
225,Rob Dillingham,CHI,6576120.0,$13465440,dilliro01,347,21,MIN,PG,1.3,0.333,0.3,0.364,1.0,0.324,0.376,0.4,0.75,0.1,1.0,1.2,1.7,0.5,0.1,3.5,,15.69895546372684
225,Rob Dillingham,CHI,6576120.0,$13465440,dilliro01,347,21,CHI,PG,3.9,0.428,1.0,0.3,2.9,0.503,0.483,0.9,0.743,0.5,2.5,3.0,2.8,0.9,0.1,9.6,,15.69895546372684
226,Jalen Duren,DET,6483144.0,$6483144,durenja01,49,22,DET,C,7.5,0.65,0.0,,7.5,0.65,0.65,4.6,0.747,3.8,6.7,10.5,2.0,0.8,0.8,19.5,DPOY-11AS,15.684716135849369
227,Ochai Agbaji,BRK,6383525.0,$6383525,agbajoc01,404,25,2TM,SG,2.0,0.436,0.5,0.266,1.4,0.579,0.496,0.6,0.837,0.7,1.5,2.3,0.8,0.4,0.3,5.1,,15.669231010581706
227,Ochai Agbaji,BRK,6383525.0,$6383525,agbajoc01,404,25,TOR,SG,1.7,0.424,0.3,0.185,1.4,0.571,0.459,0.6,0.862,0.8,1.5,2.3,0.7,0.4,0.3,4.3,,15.669231010581706
227,Ochai Agbaji,BRK,6383525.0,$6383525,agbajoc01,404,25,BRK,SG,2.5,0.455,1.1,0.349,1.4,0.596,0.555,0.6,0.786,0.7,1.7,2.3,0.9,0.4,0.3,6.7,,15.669231010581706
228,Collin Murray-Boyles,TOR,6332520.0,$12982080,murraco01,263,20,TOR,PF,3.5,0.579,0.3,0.34,3.2,0.62,0.604,1.2,0.657,2.3,2.7,5.0,1.9,0.9,0.9,8.5,,15.661208819163283
229,Mark Williams,PHO,6276531.0,$6276531,willima07,174,24,PHO,C,4.7,0.644,0.0,1.0,4.7,0.643,0.645,2.3,0.771,3.1,4.9,8.0,1.0,0.9,0.9,11.7,,15.652327997286596
230,Day'Ron Sharpe,BRK,6250000.0,$6250000,sharpda01,253,24,BRK,C,3.5,0.601,0.1,0.231,3.3,0.647,0.614,1.7,0.678,2.8,3.9,6.7,2.3,1.1,0.4,8.7,,15.648092021712584
231,Ziaire Williams,BRK,6250000.0,$6250000,willizi02,209,24,BRK,SF,3.3,0.425,1.5,0.343,1.8,0.538,0.524,2.1,0.85,0.5,1.9,2.4,1.1,1.4,0.4,10.2,,15.648092021712584
232,John Konchar,UTA,6165000.0,$12330000,konchjo01,423,29,2TM,SG,1.7,0.472,0.5,0.283,1.2,0.66,0.543,0.6,0.727,1.3,3.0,4.3,2.1,1.5,0.7,4.4,,15.634398694580582
232,John Konchar,UTA,6165000.0,$12330000,konchjo01,423,29,MEM,SG,1.2,0.521,0.4,0.333,0.8,0.75,0.613,0.3,0.615,0.7,2.4,3.1,1.3,1.0,0.4,3.2,,15.634398694580582
232,John Konchar,UTA,6165000.0,$12330000,konchjo01,423,29,UTA,SG,2.2,0.445,0.6,0.25,1.6,0.618,0.504,0.9,0.774,2.1,3.6,5.7,3.0,2.0,1.0,5.9,,15.634398694580582
233,Taylor Hendricks,MEM,6127080.0,$13932980,hendrta01,306,22,2TM,PF,2.8,0.459,1.1,0.342,1.7,0.585,0.548,0.8,0.681,1.1,2.6,3.7,0.9,0.8,0.5,7.4,,15.628228848583543
233,Taylor Hendricks,MEM,6127080.0,$13932980,hendrta01,306,22,UTA,PF,1.8,0.453,0.7,0.343,1.0,0.586,0.547,0.7,0.719,0.9,2.1,3.0,0.7,0.4,0.2,4.9,,15.628228848583543
233,Taylor Hendricks,MEM,6127080.0,$13932980,hendrta01,306,22,MEM,PF,4.0,0.463,1.5,0.342,2.5,0.584,0.548,1.0,0.65,1.4,3.3,4.7,1.2,1.4,0.8,10.6,,15.628228848583543
234,Saddiq Bey,NOP,6118644.0,$12559322,beysa01,65,26,NOP,SF,6.1,0.451,2.1,0.367,4.0,0.514,0.529,3.4,0.841,1.7,3.9,5.6,2.5,0.9,0.1,17.7,,15.626851061311102
235,Zach Edey,MEM,6045000.0,$12377760,edeyza01,128,23,MEM,C,5.6,0.633,0.1,0.2,5.5,0.656,0.638,2.3,0.781,3.9,7.2,11.1,1.1,0.6,1.9,13.6,,15.61474204203103
236,Khaman Maluach,PHO,6016080.0,$12332760,maluakh01,491,19,PHO,C,1.2,0.533,0.1,0.238,1.1,0.607,0.557,0.5,0.71,1.1,1.8,2.9,0.1,0.1,0.7,3.0,,15.609946442395737
237,Jaden Hardy,WAS,6000000.0,$12000000,hardyja02,235,23,2TM,SG,3.2,0.424,1.8,0.397,1.4,0.467,0.545,1.0,0.733,0.3,1.2,1.5,1.0,0.3,0.1,9.2,,15.60727002719233
237,Jaden Hardy,WAS,6000000.0,$12000000,hardyja02,235,23,DAL,SG,2.3,0.402,1.4,0.371,0.9,0.457,0.521,0.9,0.775,0.3,1.1,1.4,0.9,0.3,0.1,6.9,,15.60727002719233
237,Jaden Hardy,WAS,6000000.0,$12000000,hardyja02,235,23,WAS,SG,4.5,0.443,2.5,0.42,2.0,0.474,0.566,1.0,0.686,0.2,1.5,1.7,1.3,0.3,0.2,12.6,,15.60727002719233
238,Jake LaRavia,LAL,6000000.0,$12000000,laravja01,277,24,LAL,PF,2.9,0.459,1.0,0.321,2.0,0.579,0.533,1.4,0.763,1.4,2.6,4.0,1.8,1.3,0.5,8.2,,15.60727002719233
239,Cam Thomas,BRK,6837779.0,$5993172,thomaca02,131,24,2TM,SG,4.5,0.41,1.2,0.31,3.3,0.468,0.466,3.3,0.811,0.3,1.4,1.7,2.6,0.2,0.1,13.5,,15.737973529267466
239,Cam Thomas,BRK,6837779.0,$5993172,thomaca02,131,24,BRK,SG,5.1,0.399,1.6,0.325,3.5,0.445,0.461,3.8,0.843,0.4,1.4,1.8,3.1,0.2,0.1,15.6,,15.737973529267466
239,Cam Thomas,BRK,6837779.0,$5993172,thomaca02,131,24,MIL,SG,3.7,0.431,0.8,0.275,2.9,0.51,0.477,2.6,0.754,0.1,1.4,1.6,1.9,0.3,0.1,10.7,,15.737973529267466
240,Cason Wallace,OKC,5820240.0,$13241046,wallaca01,257,22,OKC,SG,3.3,0.432,1.3,0.351,2.0,0.51,0.518,0.7,0.809,0.8,2.3,3.1,2.6,1.9,0.4,8.6,DPOY-7,15.576852055970797
241,Cody Williams,UTA,5742480.0,$11758080,willico04,250,21,UTA,SG,3.6,0.468,0.4,0.214,3.1,0.556,0.495,1.3,0.706,0.9,2.0,3.0,2.0,0.8,0.4,8.8,,15.563401730735668
242,Cedric Coward,MEM,5715120.0,$11716200,cowarce01,127,22,MEM,SG,4.9,0.471,1.5,0.338,3.4,0.568,0.542,2.3,0.843,1.3,4.5,5.9,2.8,0.6,0.4,13.6,ROY-5,15.558625852365934
243,D'Angelo Russell,WAS,5685000.0,$5685000,russeda01,207,29,DAL,PG,3.6,0.405,1.3,0.295,2.3,0.508,0.476,1.7,0.717,0.3,2.0,2.3,4.0,0.5,0.1,10.2,,15.553341685166773
244,Al Horford,GSW,5685000.0,$5685000,horfoal01,269,39,GSW,C,3.1,0.426,1.6,0.361,1.4,0.538,0.54,0.5,0.846,1.0,3.9,4.9,2.6,0.7,1.1,8.3,,15.553341685166773
245,Tari Eason,HOU,5675766.0,$5675766,easonta01,197,24,HOU,PF,4.0,0.416,1.6,0.358,2.5,0.463,0.496,0.9,0.776,2.1,4.2,6.3,1.5,1.2,0.5,10.5,,15.551716090196601
246,Haywood Highsmith,BRK,6443984.0,$5616000,highsha01,390,29,PHO,SF,1.7,0.522,1.1,0.571,0.6,0.444,0.696,0.9,0.857,0.9,1.0,1.9,1.0,0.6,0.0,5.4,,15.678657540346062
247,Nicolas Batum,LAC,5601600.0,$5601600,batumni01,448,37,LAC,PF,1.3,0.403,1.2,0.404,0.1,0.4,0.597,0.1,0.818,0.3,2.2,2.5,0.9,0.6,0.3,4.0,,15.538562829182538
248,Jett Howard,ORL,5529720.0,$5529720,howarje01,384,22,ORL,SF,1.9,0.418,1.0,0.372,0.9,0.481,0.526,0.7,0.949,0.4,1.2,1.6,0.8,0.2,0.2,5.5,,15.525647739305237
249,Guerschon Yabusele,CHI,5500000.0,$5500000,yabusgu01,378,30,2TM,C,1.9,0.401,1.0,0.352,0.8,0.483,0.511,0.8,0.75,0.8,2.7,3.5,0.9,0.4,0.2,5.6,,15.520258650202699
249,Guerschon Yabusele,CHI,5500000.0,$5500000,yabusgu01,378,30,NYK,C,1.0,0.393,0.5,0.294,0.5,0.564,0.486,0.2,0.667,0.6,1.5,2.1,0.4,0.1,0.1,2.7,,15.520258650202699
249,Guerschon Yabusele,CHI,5500000.0,$5500000,yabusgu01,378,30,CHI,C,3.2,0.405,1.9,0.383,1.3,0.442,0.524,1.8,0.767,1.2,4.4,5.7,1.7,0.8,0.4,10.0,,15.520258650202699
250,Matas Buzelis,CHI,5455560.0,$11170920,buzelma01,84,21,CHI,PF,5.8,0.463,2.2,0.349,3.5,0.583,0.553,2.4,0.786,1.0,4.8,5.8,2.1,0.7,1.5,16.3,,15.512145830092148
251,Noa Essengue,CHI,5429520.0,$11130720,essenno01,580,19,CHI,PF,0.0,0.0,0.0,0.0,0.0,0.0,0.0,0.0,,0.0,0.0,0.0,0.0,0.5,0.0,0.0,,15.507361290212748
252,Kris Dunn,LAC,5426400.0,$5426400,dunnkr01,312,31,LAC,PG,2.8,0.476,1.0,0.374,1.8,0.559,0.56,0.8,0.765,0.7,2.6,3.3,3.6,1.6,0.2,7.3,,15.506786488614006
253,Dario Šarić,DET,5426400.0,$5426400,saricda01,567,31,SAC,C,0.2,0.167,0.2,0.333,0.0,0.0,0.25,0.4,1.0,0.2,1.0,1.2,0.4,0.0,0.0,1.0,,15.506786488614006
254,Dalen Terry,NOP,5399118.0,$5399118,terryda01,461,23,2TM,SG,1.4,0.439,0.5,0.364,0.9,0.494,0.516,0.3,0.533,0.5,1.3,1.8,1.4,0.6,0.3,3.7,,15.501746164860828
254,Dalen Terry,NOP,5399118.0,$5399118,terryda01,461,23,CHI,SG,1.3,0.441,0.6,0.413,0.8,0.464,0.534,0.3,0.529,0.6,1.3,1.9,1.3,0.6,0.3,3.5,,15.501746164860828
254,Dalen Terry,NOP,5399118.0,$5399118,terryda01,461,23,PHI,SG,1.6,0.434,0.4,0.25,1.3,0.545,0.481,0.5,0.538,0.5,1.1,1.6,1.6,0.5,0.3,4.1,,15.501746164860828
255,Bradley Beal,LAC,24737010.0,$5354000,bealbr01,273,32,LAC,SG,3.0,0.375,1.2,0.368,1.8,0.379,0.448,1.0,0.75,0.3,0.5,0.8,1.7,0.5,0.0,8.2,,17.023811060712948
256,Paul Reed,DET,5335894.0,$5335894,reedpa01,293,26,DET,C,3.2,0.617,0.2,0.325,3.0,0.656,0.636,1.1,0.664,2.0,2.5,4.5,1.2,0.9,0.9,7.8,,15.489967001312817
257,Dereck Lively II,DAL,5253360.0,$12492491,livelde01,438,21,DAL,C,1.6,0.611,0.0,,1.6,0.611,0.611,1.1,0.8,2.0,3.3,5.3,1.9,0.6,1.6,4.3,,15.474378429855147
258,Nikola Topić,OKC,5182920.0,$10612680,topicni01,403,20,OKC,PG,2.2,0.431,0.6,0.4,1.6,0.444,0.49,0.2,0.4,0.7,1.2,1.9,4.4,0.5,0.0,5.2,,15.46087916197651
259,Derik Queen,NOP,5157960.0,$10574040,queende01,172,21,NOP,C,4.4,0.473,0.3,0.261,4.1,0.502,0.489,2.7,0.795,1.7,5.4,7.1,3.7,1.0,0.9,11.7,,15.45605171044958
260,Kevin Porter Jr.,MIL,5134000.0,$5134000,porteke02,68,25,MIL,PG,6.3,0.465,1.2,0.322,5.1,0.52,0.51,3.6,0.878,0.9,4.3,5.2,7.4,2.2,0.5,17.4,,15.451395640413223
261,Marcus Smart,LAL,19920855.0,$5134000,smartma01,234,31,LAL,SG,3.0,0.395,1.6,0.331,1.5,0.497,0.497,1.7,0.822,0.6,2.2,2.8,3.0,1.4,0.4,9.3,,16.807277730886366
262,Andre Drummond,PHI,5000000.0,$5000000,drumman01,344,32,PHI,C,2.5,0.472,0.5,0.356,2.0,0.514,0.519,0.8,0.631,3.2,5.3,8.4,1.3,0.6,0.8,6.4,,15.424948470398375
263,Moritz Wagner,ORL,5000000.0,$5000000,wagnemo01,328,28,ORL,C,2.3,0.426,0.6,0.314,1.7,0.488,0.482,1.6,0.819,0.8,2.4,3.2,0.8,0.4,0.1,6.9,,15.424948470398375
264,Nick Richards,CHI,5000000.0,,richani01,363,28,2TM,C,2.1,0.512,0.1,0.278,2.0,0.536,0.525,1.4,0.644,1.6,3.5,5.1,0.3,0.2,0.7,5.8,,15.424948470398375
264,Nick Richards,CHI,5000000.0,,richani01,363,28,PHO,C,1.3,0.493,0.0,,1.3,0.493,0.493,0.7,0.679,1.3,2.0,3.3,0.3,0.1,0.5,3.2,,15.424948470398375
264,Nick Richards,CHI,5000000.0,,richani01,363,28,CHI,C,3.4,0.523,0.3,0.278,3.2,0.563,0.542,2.3,0.63,2.1,5.5,7.6,0.4,0.3,0.9,9.4,,15.424948470398375
265,Gradey Dick,TOR,4990560.0,$12122071,dickgr01,356,22,TOR,SG,2.1,0.419,0.7,0.301,1.4,0.53,0.492,1.0,0.875,0.6,1.4,1.9,0.7,0.6,0.1,6.0,,15.423058685879907
266,Malaki Branham,CHO,4962033.0,$4962033,branhma01,414,22,WAS,SG,1.5,0.473,0.5,0.378,1.0,0.537,0.549,1.0,0.824,0.4,1.1,1.6,0.8,0.4,0.1,4.6,,15.417326093755904
267,Devin Carter,SAC,4923720.0,$10081800,cartede02,244,23,SAC,PG,3.2,0.414,0.8,0.263,2.4,0.511,0.466,1.8,0.713,0.9,2.3,3.3,2.7,0.9,0.2,8.9,,15.409574900331707
268,Christian Braun,DEN,4921797.0,$129921797,braunch01,159,24,DEN,SG,4.6,0.519,1.0,0.301,3.6,0.646,0.575,1.8,0.782,1.4,3.4,4.8,2.7,0.7,0.3,12.0,,15.409184265685614
269,Carter Bryant,SAS,4900320.0,$10045680,bryanca01,443,20,SAS,PF,1.5,0.408,0.7,0.335,0.8,0.509,0.506,0.4,0.714,0.5,2.0,2.5,0.7,0.2,0.3,4.2,,15.404811067070952
270,Walker Kessler,UTA,4878938.0,$4878938,kesslwa01,108,24,UTA,C,5.2,0.703,1.2,0.75,4.0,0.69,0.784,2.8,0.7,4.6,6.2,10.8,3.0,1.4,1.8,14.4,,15.4004381311952
271,Jordan Hawkins,NOP,4741320.0,$11763215,hawkijo01,407,23,NOP,SG,1.8,0.366,0.9,0.348,0.9,0.385,0.457,0.5,0.852,0.4,1.3,1.7,0.8,0.3,0.2,5.1,,15.371826135915278
272,Bub Carrington,WAS,4677600.0,$9578160,carrica01,193,20,WAS,PG,3.8,0.424,2.1,0.408,1.8,0.443,0.538,1.0,0.73,0.4,3.0,3.4,4.6,0.6,0.2,10.7,,15.358295715843598
274,Kobe Bufkin,BRK,5480297.0,$4503720,bufkiko01,495,22,LAL,SG,0.9,0.3,0.3,0.192,0.6,0.417,0.35,0.7,0.917,0.1,0.8,0.8,0.6,0.1,0.2,2.9,,15.516669854535882
275,Jose Alvarado,NYK,4500000.0,$4500000,alvarjo01,307,27,2TM,PG,2.7,0.416,1.5,0.352,1.2,0.531,0.529,0.5,0.761,0.4,2.1,2.5,3.4,1.0,0.1,7.4,,15.319587954740548
275,Jose Alvarado,NYK,4500000.0,$4500000,alvarjo01,307,27,NOP,PG,2.9,0.418,1.7,0.363,1.1,0.54,0.543,0.5,0.833,0.4,2.4,2.8,3.1,0.9,0.1,7.9,,15.319587954740548
275,Jose Alvarado,NYK,4500000.0,$4500000,alvarjo01,307,27,NYK,PG,2.5,0.414,1.1,0.33,1.4,0.52,0.506,0.5,0.682,0.4,1.7,2.0,3.8,1.0,0.1,6.6,,15.319587954740548
276,Nikola Jović,MIA,4445417.0,$66845417,jovicni01,313,22,MIA,PF,2.4,0.366,1.0,0.269,1.5,0.476,0.438,1.5,0.683,0.5,2.7,3.3,2.2,0.6,0.4,7.3,,15.307384235803292
277,Kel'el Ware,MIA,4443360.0,$9098280,wareke01,186,21,MIA,C,4.5,0.53,1.2,0.395,3.3,0.606,0.601,0.9,0.74,2.8,6.2,9.0,0.7,0.8,1.1,11.1,,15.306921404969147
278,Yang Hansen,POR,4422360.0,$9065880,yangha01,524,20,POR,C,0.7,0.31,0.1,0.119,0.6,0.448,0.335,0.7,0.824,0.5,1.1,1.5,0.5,0.1,0.2,2.2,,15.30218404821201
279,Peyton Watson,DEN,4356476.0,$4356476,watsope01,106,23,DEN,SF,5.3,0.491,1.5,0.411,3.8,0.531,0.56,2.6,0.73,0.9,4.0,4.9,2.1,0.9,1.1,14.6,,15.287174031628778
280,Miles McBride,NYK,4333333.0,$8289856,mcbrimi01,161,25,NYK,SG,4.2,0.423,2.7,0.413,1.4,0.444,0.562,0.9,0.787,0.6,1.9,2.4,2.6,0.9,0.2,12.0,,15.281847549834621
281,Keyonte George,UTA,4278960.0,$10842885,georgke01,23,22,UTA,PG,7.4,0.456,2.5,0.371,5.0,0.515,0.532,6.2,0.892,0.4,3.3,3.7,6.1,1.1,0.3,23.6,,15.269220547376761
282,Jared McCain,OKC,4221360.0,$8643960,mccaija01,267,21,2TM,SG,3.0,0.425,1.5,0.385,1.6,0.471,0.528,0.8,0.864,0.3,1.7,2.0,1.3,0.5,0.1,8.3,,15.255667908974315
282,Jared McCain,OKC,4221360.0,$8643960,mccaija01,267,21,PHI,SG,2.4,0.385,1.2,0.378,1.2,0.393,0.483,0.6,0.88,0.2,1.9,2.0,1.7,0.6,0.1,6.6,,15.255667908974315
282,Jared McCain,OKC,4221360.0,$8643960,mccaija01,267,21,OKC,SG,3.8,0.462,1.8,0.391,2.0,0.55,0.57,1.0,0.853,0.6,1.5,2.1,0.9,0.4,0.1,10.4,,15.255667908974315
283,Joan Beringer,MIN,4201080.0,$8612280,berinjo01,453,19,MIN,PF,1.6,0.663,0.0,,1.6,0.663,0.663,0.7,0.703,1.1,1.2,2.3,0.3,0.2,0.7,3.9,,15.25085219305518
284,Kevin Love,UTA,4150000.0,$4150000,loveke01,334,37,UTA,PF,2.1,0.397,1.4,0.373,0.7,0.456,0.53,1.0,0.841,1.5,4.3,5.8,1.8,0.4,0.2,6.7,,15.238618892206881
285,Dalton Knecht,LAL,4010160.0,$8211240,knechda01,445,24,LAL,SF,1.6,0.455,0.7,0.342,0.9,0.613,0.555,0.3,0.727,0.3,1.1,1.4,0.4,0.2,0.2,4.2,,15.204341698736135
286,Ryan Rollins,MIL,4000000.0,$8000000,rolliry01,70,23,MIL,PG,6.6,0.472,2.5,0.406,4.1,0.523,0.561,1.7,0.796,0.7,3.8,4.6,5.6,1.5,0.4,17.3,,15.201804919084164
287,Dwight Powell,DAL,4000000.0,$4000000,poweldw01,479,34,DAL,C,1.0,0.644,0.0,0.286,1.0,0.67,0.653,1.2,0.696,1.5,2.6,4.1,1.1,0.5,0.3,3.3,,15.201804919084164
288,Walter Clayton,MEM,3991320.0,$8181840,claytwa01,292,22,2TM,PG,2.6,0.384,1.1,0.307,1.5,0.47,0.465,1.6,0.901,0.4,1.7,2.0,4.0,0.6,0.3,7.8,,15.199632561222508
288,Walter Clayton,MEM,3991320.0,$8181840,claytwa01,292,22,UTA,PG,2.3,0.398,1.0,0.308,1.3,0.513,0.484,1.3,0.935,0.3,1.6,2.0,3.2,0.5,0.3,6.8,,15.199632561222508
288,Walter Clayton,MEM,3991320.0,$8181840,claytwa01,292,22,MEM,PG,3.1,0.366,1.3,0.307,1.8,0.423,0.441,2.1,0.864,0.4,1.7,2.1,5.7,0.8,0.3,9.7,,15.199632561222508
289,Jaime Jaquez Jr.,MIA,3861600.0,$9800741,jaqueja01,94,24,MIA,SF,6.2,0.507,0.8,0.317,5.4,0.555,0.539,2.2,0.769,1.3,3.7,5.0,4.7,0.7,0.3,15.4,6MOY-2,15.16659216332842
290,Nolan Traoré,BRK,3811560.0,$7813560,traorno01,246,19,BRK,PG,3.3,0.38,1.1,0.318,2.2,0.422,0.444,1.3,0.787,0.3,1.5,1.8,3.8,0.8,0.4,8.9,,15.153549112120487
291,Daniss Jenkins,DET,3809524.0,$3809524,jenkida01,230,24,DET,PG,3.2,0.408,1.0,0.374,2.2,0.426,0.473,1.9,0.832,0.7,1.6,2.3,3.9,0.9,0.2,9.3,,15.153014804914731
292,Tristan Da Silva,ORL,3809520.0,$7800720,dasiltr01,218,24,ORL,SF,3.6,0.45,1.6,0.374,2.1,0.532,0.547,1.1,0.884,0.8,2.9,3.7,1.6,0.9,0.3,9.9,,15.153013754914232
293,Cole Anthony,MEM,5996274.0,$11100000,anthoco01,333,25,MIL,PG,2.8,0.424,0.6,0.306,2.2,0.478,0.472,0.5,0.615,0.5,2.0,2.5,3.5,0.6,0.3,6.7,,15.606648834291963
294,Gary Trent Jr.,MIL,3697105.0,$3697105,trentga02,282,27,MIL,SG,2.8,0.387,1.9,0.36,0.9,0.458,0.517,0.6,0.769,0.1,0.9,1.0,1.2,0.5,0.0,8.1,,15.123060638922002
295,Brandin Podziemski,GSW,3687960.0,$9367419,podzibr01,122,22,GSW,SG,4.8,0.455,1.9,0.371,2.9,0.531,0.543,2.3,0.797,0.9,4.2,5.1,3.7,1.1,0.2,13.8,,15.120584017612819
296,Svi Mykhailiuk,UTA,3675000.0,,mykhasv01,228,28,UTA,SF,3.5,0.478,2.0,0.408,1.5,0.615,0.613,0.5,0.893,0.7,1.8,2.5,1.9,0.5,0.1,9.4,,15.117063690629074
297,Kasparas Jakučionis,MIA,3658800.0,$7500480,jakucka01,352,19,MIA,PG,1.9,0.429,1.2,0.423,0.7,0.439,0.567,1.1,0.879,0.8,1.8,2.6,2.6,0.6,0.1,6.2,,15.112645782764346
298,Ja'Kobe Walter,TOR,3638160.0,$7449960,walteja01,304,21,TOR,SG,2.5,0.446,1.5,0.409,1.0,0.519,0.582,1.0,0.789,0.8,1.8,2.6,1.2,1.0,0.2,7.5,,15.10698861730201
299,Gary Harris,MIL,3634153.0,$3634153,harriga01,507,31,MIL,SG,1.0,0.442,0.6,0.412,0.4,0.5,0.577,0.2,0.889,0.3,0.9,1.3,1.1,0.6,0.2,2.7,,15.105886629418512
300,Cam Whitmore,WAS,3539760.0,$8998070,whitmca01,241,21,WAS,SF,3.7,0.456,0.8,0.286,2.9,0.54,0.503,1.1,0.742,0.9,1.9,2.8,0.7,0.7,0.4,9.2,,15.079569486201494
301,Will Riley,WAS,3512520.0,$7200840,rileywi01,204,19,WAS,SF,3.7,0.439,1.1,0.316,2.6,0.52,0.502,1.9,0.8,0.8,2.1,2.9,2.0,0.7,0.1,10.3,,15.071844286558106
302,Jaylon Tyson,CLE,3492480.0,$7151040,tysonja01,139,23,CLE,SG,5.0,0.493,2.0,0.446,3.0,0.53,0.592,1.2,0.738,1.8,3.3,5.1,2.2,0.8,0.4,13.2,,15.06612264353995
303,Jaxson Hayes,LAL,3449323.0,$3449323,hayesja02,301,25,LAL,C,3.0,0.756,0.0,1.0,3.0,0.753,0.761,1.5,0.653,1.5,2.6,4.1,0.9,0.4,0.8,7.5,,15.053688537867489
304,Dominick Barlow,PHI,3415000.0,$3415000,barlodo01,295,22,PHI,PF,3.0,0.539,0.3,0.256,2.7,0.612,0.565,1.3,0.718,1.9,2.9,4.8,1.2,0.9,0.7,7.7,,15.043688050987027
305,Noah Clowney,BRK,3398640.0,$8812674,clownno01,150,21,BRK,PF,3.8,0.396,2.0,0.329,1.8,0.506,0.498,2.7,0.804,0.8,3.3,4.1,1.6,0.8,0.7,12.3,,15.03888590956505
306,Drake Powell,BRK,3372240.0,$6912840,poweldr01,340,20,BRK,SG,2.3,0.402,0.8,0.28,1.5,0.528,0.473,1.1,0.896,0.3,1.4,1.8,1.4,0.6,0.2,6.5,,15.031087769948332
307,Yves Missi,NOP,3353040.0,$6865800,missiyv01,376,21,NOP,C,2.4,0.544,0.0,0.0,2.4,0.546,0.544,0.9,0.559,2.8,3.1,5.8,1.3,0.3,1.5,5.7,,15.025377954992479
308,Blake Wesley,WAS,5643732.0,$3347458,weslebl01,410,22,POR,SG,1.8,0.452,0.3,0.278,1.5,0.523,0.492,0.8,0.553,0.3,1.0,1.3,2.0,0.5,0.2,4.8,,15.546056106773575
309,Taurean Prince,MIL,3303774.0,$3303774,princta02,239,31,MIL,SF,3.3,0.45,2.3,0.436,1.0,0.49,0.61,0.2,1.0,0.2,3.0,3.1,1.8,0.6,0.2,9.2,,15.01057600934644
310,Dariq Whitehead,BRK,3262560.0,$3262560,whiteda01,87,21,MEM,SF,6.2,0.398,3.2,0.317,3.0,0.545,0.5,0.8,0.714,0.3,3.7,4.0,1.5,0.7,0.0,16.3,,14.998022721248574
311,Asa Newell,ATL,3237480.0,$6636960,newelas01,400,20,ATL,PF,2.1,0.538,0.7,0.387,1.4,0.66,0.624,0.4,0.552,1.0,1.2,2.2,0.6,0.4,0.3,5.2,,14.99030580736467
312,DaRon Holmes,DEN,3218760.0,$6590880,holmeda01,462,23,DEN,PF,1.2,0.508,0.8,0.444,0.4,0.688,0.672,0.4,0.786,0.3,1.1,1.4,0.6,0.0,0.2,3.7,,14.984506750185474
313,Kris Murray,POR,3132000.0,$8447004,murrakr01,368,25,POR,SF,2.3,0.467,0.6,0.279,1.7,0.617,0.529,0.7,0.684,1.6,2.0,3.6,1.4,0.9,0.4,5.8,,14.957182336092831
314,Nique Clifford,SAC,3108120.0,$6371520,cliffni01,256,23,SAC,SG,3.3,0.418,1.0,0.333,2.3,0.471,0.482,0.9,0.722,0.9,2.9,3.8,2.4,0.9,0.3,8.6,,14.949528599762937
316,AJ Johnson,DAL,3090480.0,$6327600,johnsaj01,475,21,2TM,SG,1.2,0.324,0.3,0.211,0.9,0.378,0.358,0.7,0.85,0.3,0.9,1.1,1.0,0.2,0.1,3.3,,14.943836976615776
316,AJ Johnson,DAL,3090480.0,$6327600,johnsaj01,475,21,WAS,SG,1.1,0.325,0.3,0.28,0.8,0.345,0.367,0.4,0.75,0.3,0.9,1.2,0.9,0.3,0.0,2.8,,14.943836976615776
316,AJ Johnson,DAL,3090480.0,$6327600,johnsaj01,475,21,DAL,SG,1.3,0.323,0.2,0.156,1.1,0.41,0.349,1.1,0.893,0.3,0.8,1.0,1.1,0.2,0.1,3.9,,14.943836976615776
317,De'Anthony Melton,GSW,3080921.0,$3080921,meltode01,151,27,GSW,PG,4.4,0.407,1.5,0.294,2.9,0.505,0.475,2.0,0.826,0.8,2.4,3.2,2.6,1.6,0.4,12.3,,14.940739136224428
318,Kyle Filipowski,UTA,3000000.0,$3000000,filipky01,178,22,UTA,C,4.2,0.492,1.0,0.325,3.2,0.58,0.548,2.1,0.75,1.9,5.3,7.2,2.6,0.9,0.5,11.4,,14.914122846632385
319,Ajay Mitchell,OKC,3000000.0,$3000000,mitchaj01,129,23,OKC,SG,5.0,0.485,1.1,0.347,3.9,0.543,0.536,2.5,0.87,0.7,2.6,3.3,3.6,1.2,0.3,13.6,6MOY-5,14.914122846632385
320,Julian Champagnie,SAS,3000000.0,,champju02,183,24,SAS,SF,3.7,0.437,2.4,0.381,1.3,0.599,0.578,1.4,0.844,0.9,4.9,5.8,1.5,0.8,0.5,11.1,,14.914122846632385
321,Jase Richardson,ORL,2983320.0,$6115680,richaja02,430,20,ORL,SG,1.6,0.473,0.5,0.354,1.1,0.56,0.548,0.6,0.717,0.4,0.8,1.2,1.1,0.4,0.0,4.4,,14.908547332299198
322,Kyshawn George,WAS,2966760.0,$6074760,georgky01,104,22,WAS,SF,5.3,0.438,2.1,0.381,3.2,0.486,0.524,2.2,0.802,0.9,4.2,5.1,4.5,1.0,0.9,14.8,,14.902981006213539
323,Tony Bradley,IND,3204816.0,$3204816,bradlto01,449,28,2TM,C,1.6,0.547,0.0,0.5,1.5,0.549,0.556,0.8,0.744,1.5,1.4,2.8,0.5,0.1,0.2,4.0,,14.98016523639246
323,Tony Bradley,IND,3204816.0,$3204816,bradlto01,449,28,IND,C,1.6,0.557,0.0,0.5,1.5,0.558,0.561,0.8,0.744,1.5,1.3,2.8,0.5,0.2,0.2,4.0,,14.98016523639246
323,Tony Bradley,IND,3204816.0,$3204816,bradlto01,449,28,ATL,C,1.7,0.455,0.3,0.5,1.3,0.444,0.5,0.0,,1.3,1.7,3.0,0.7,0.0,0.0,3.7,,14.98016523639246
324,Marcus Sasser,DET,2886720.0,$8085703,sassema01,402,25,DET,PG,1.8,0.39,1.2,0.415,0.7,0.352,0.514,0.4,0.833,0.2,0.8,1.0,2.0,0.5,0.1,5.2,,14.875631467450411
325,Ben Saraf,BRK,2884560.0,$5913120,sarafbe01,303,19,BRK,SG,2.7,0.396,0.4,0.211,2.3,0.474,0.427,1.7,0.83,0.5,1.6,2.1,3.3,0.9,0.2,7.5,,14.87488293329478
326,Pacôme Dadiet,NYK,2847600.0,$5831280,dadiepa01,546,20,NYK,SG,0.6,0.333,0.2,0.219,0.3,0.563,0.406,0.3,0.818,0.1,0.8,0.9,0.4,0.1,0.0,1.7,,14.861987092211855
327,Danny Wolf,BRK,2801280.0,$5742720,wolfda01,247,21,BRK,PF,3.1,0.405,1.2,0.322,1.9,0.48,0.482,1.5,0.771,1.0,3.9,4.9,2.2,0.5,0.6,8.9,,14.845587013544613
328,Ben Sheppard,IND,2790720.0,$7822389,sheppbe01,322,24,IND,SG,2.6,0.434,1.3,0.362,1.3,0.542,0.543,0.6,0.765,0.7,2.3,3.0,1.8,0.6,0.1,7.1,,14.841810185020758
329,Hugo González,BOS,2783880.0,$5707440,gonzahu01,454,19,BOS,SF,1.6,0.476,0.6,0.362,1.0,0.577,0.561,0.2,0.5,0.8,2.5,3.3,0.5,0.6,0.3,3.9,,14.83935619605919
330,Liam McNeeley,CHO,2763960.0,$5666040,mcneeli01,439,20,CHO,SF,1.2,0.4,0.8,0.4,0.5,0.4,0.526,1.0,0.821,0.4,1.9,2.4,0.8,0.2,0.1,4.3,,14.832174991984951
331,Dillon Jones,WAS,2753280.0,$2753280,jonesdi01,560,24,NYK,SF,0.3,0.222,0.1,0.2,0.1,0.25,0.278,0.6,1.0,0.3,0.7,1.0,0.6,0.4,0.0,1.3,,14.828303486181392
332,Yanic Konan Niederhäuser,LAC,2743800.0,$5624760,konanya01,436,22,LAC,C,1.6,0.64,0.0,0.2,1.5,0.663,0.645,1.1,0.758,0.9,2.0,2.9,0.3,0.1,0.7,4.3,,14.824854378874202
333,Nick Smith Jr.,CHO,2710680.0,$2710680,smithni01,354,21,LAL,SG,2.3,0.435,1.1,0.395,1.2,0.48,0.54,0.4,0.733,0.1,0.7,0.8,1.0,0.3,0.1,6.2,,14.812710083889321
334,Brice Sensabaugh,UTA,2693760.0,$7555997,sensabr01,102,22,UTA,SF,5.3,0.46,2.2,0.367,3.1,0.559,0.554,2.2,0.826,0.7,2.3,3.1,1.9,0.7,0.2,14.9,,14.806448545124288
335,Julian Strawther,DEN,2674200.0,$7501131,strawju01,318,23,DEN,SG,2.6,0.467,1.0,0.387,1.6,0.538,0.558,1.0,0.814,0.2,1.8,2.0,1.1,0.4,0.1,7.2,,14.799160828162702
336,Terrence Shannon Jr.,MIN,2674080.0,$5475720,shannte01,379,25,MIN,SG,1.8,0.45,0.7,0.408,1.1,0.484,0.541,1.3,0.8,0.2,0.9,1.1,0.9,0.3,0.0,5.6,,14.799115953922753
337,Ryan Dunn,PHO,2657760.0,$5442000,dunnry01,366,23,PHO,SF,2.3,0.453,0.8,0.331,1.5,0.56,0.53,0.3,0.489,1.4,2.8,4.2,1.5,0.9,0.4,5.8,,14.792994220724903
338,Kobe Brown,IND,2654880.0,$2654880,brownko01,362,26,2TM,PF,2.1,0.469,0.9,0.374,1.2,0.568,0.565,0.8,0.797,1.1,1.9,3.0,1.3,0.4,0.2,5.8,,14.791910013896615
338,Kobe Brown,IND,2654880.0,$2654880,brownko01,362,26,LAC,PF,1.0,0.393,0.4,0.265,0.6,0.571,0.47,0.6,0.808,0.5,1.0,1.6,0.8,0.3,0.1,2.9,,14.791910013896615
338,Kobe Brown,IND,2654880.0,$2654880,brownko01,362,26,IND,PF,3.5,0.503,1.4,0.433,2.0,0.567,0.607,1.0,0.788,1.9,3.0,4.9,2.0,0.5,0.4,9.4,,14.791910013896615
339,Isaiah Collier,UTA,2638200.0,$5402160,colliis01,170,21,UTA,PG,4.3,0.495,0.5,0.27,3.9,0.549,0.521,2.6,0.722,0.4,2.2,2.5,7.2,1.1,0.3,11.7,,14.785607424396957
340,Baylor Scheierman,BOS,2619000.0,$5363040,scheiba01,387,25,BOS,SG,2.0,0.453,1.3,0.399,0.7,0.6,0.599,0.4,0.903,0.7,2.8,3.5,1.5,0.5,0.1,5.5,,14.778303123489849
341,Xavier Tillman Sr.,CHO,2546675.0,$2546675,tillmxa01,551,27,2TM,C,0.7,0.435,0.1,0.167,0.6,0.607,0.467,0.0,0.25,0.6,0.8,1.4,0.4,0.3,0.2,1.5,,14.750299144720548
341,Xavier Tillman Sr.,CHO,2546675.0,$2546675,tillmxa01,551,27,BOS,C,1.0,0.452,0.2,0.2,0.8,0.688,0.5,0.0,,0.7,1.1,1.8,0.4,0.4,0.1,2.2,,14.750299144720548
341,Xavier Tillman Sr.,CHO,2546675.0,$2546675,tillmxa01,551,27,CHO,C,0.4,0.4,0.0,0.0,0.4,0.5,0.4,0.1,0.25,0.6,0.6,1.1,0.5,0.2,0.2,0.8,,14.750299144720548
342,Cam Spencer,MEM,2537989.0,$7565833,spencca01,185,25,MEM,SG,3.7,0.473,2.0,0.449,1.6,0.506,0.604,1.8,0.94,0.6,2.0,2.5,5.6,0.7,0.2,11.1,,14.746882593125722
343,Luka Garza,BOS,2461463.0,$5262809,garzalu01,279,27,BOS,C,3.0,0.577,0.8,0.433,2.2,0.657,0.654,1.3,0.769,2.3,1.8,4.1,1.0,0.4,0.4,8.1,,14.716266446582551
344,Sandro Mamukelashvili,TOR,2461463.0,$2461463,mamuksa01,181,26,TOR,C,4.1,0.523,1.4,0.389,2.7,0.642,0.614,1.5,0.747,1.4,3.6,4.9,1.9,0.8,0.5,11.2,6MOY-10,14.716266446582551
345,Trendon Watford,PHI,2461463.0,$2461463,watfotr01,341,25,PHI,PF,2.6,0.515,0.2,0.2,2.4,0.587,0.534,1.1,0.779,0.7,2.6,3.3,2.5,0.3,0.4,6.5,,14.716266446582551
346,Jericho Sims,MIL,2461463.0,$2461463,simsje01,408,27,MIL,C,2.2,0.784,0.0,,2.2,0.784,0.784,0.7,0.62,2.2,3.3,5.5,1.6,0.3,0.3,5.0,,14.716266446582551
347,Dru Smith,MIA,2378870.0,$2378870,smithdr01,380,28,MIA,SG,1.9,0.415,0.5,0.295,1.4,0.495,0.474,1.2,0.829,0.9,1.6,2.5,2.6,1.4,0.3,5.6,,14.68213614298327
348,Josh Minott,BRK,2378870.0,$2378870,minotjo01,305,23,2TM,PF,2.6,0.5,1.3,0.418,1.3,0.626,0.627,1.0,0.787,1.0,2.2,3.2,0.9,0.9,0.5,7.4,,14.68213614298327
348,Josh Minott,BRK,2378870.0,$2378870,minotjo01,305,23,BOS,PF,2.1,0.507,1.0,0.442,1.1,0.593,0.632,0.6,0.769,1.2,2.4,3.6,1.0,0.7,0.4,5.8,,14.68213614298327
348,Josh Minott,BRK,2378870.0,$2378870,minotjo01,305,23,BRK,SF,3.6,0.491,1.9,0.395,1.7,0.675,0.621,1.8,0.8,0.5,2.0,2.5,0.8,1.3,0.8,10.8,,14.68213614298327
349,Justin Champagnie,WAS,2349578.0,$5017522,champju01,251,24,WAS,SF,3.4,0.502,0.8,0.319,2.6,0.605,0.56,1.2,0.784,2.1,3.5,5.6,1.2,0.9,0.6,8.7,,14.669746295526831
350,Jordan Goodwin,PHO,2349578.0,$2349578,goodwjo01,252,27,PHO,PG,3.3,0.413,1.6,0.371,1.7,0.462,0.514,0.6,0.696,2.0,2.9,4.9,2.2,1.5,0.2,8.7,,14.669746295526831
351,Jay Huff,IND,2349578.0,$2349578,huffja01,226,27,IND,C,3.5,0.476,1.5,0.319,2.1,0.723,0.574,1.0,0.828,0.9,3.1,4.0,1.5,0.5,1.9,9.5,,14.669746295526831
353,Vít Krejčí,POR,2349578.0,,krejcvi01,259,25,2TM,PG,3.0,0.448,2.0,0.39,1.0,0.634,0.597,0.6,0.745,0.5,1.8,2.3,1.5,0.7,0.3,8.5,,14.669746295526831
353,Vít Krejčí,POR,2349578.0,,krejcvi01,259,25,ATL,PG,3.1,0.464,2.2,0.423,0.9,0.609,0.628,0.6,0.75,0.4,1.7,2.1,1.5,0.8,0.3,9.0,,14.669746295526831
353,Vít Krejčí,POR,2349578.0,,krejcvi01,259,25,POR,PG,2.6,0.405,1.4,0.303,1.2,0.688,0.517,0.6,0.733,0.6,2.1,2.7,1.7,0.5,0.3,7.2,,14.669746295526831
354,Neemias Queta,BOS,2349578.0,,quetane01,206,26,BOS,C,4.3,0.653,0.0,0.125,4.3,0.662,0.654,1.6,0.703,3.0,5.3,8.4,1.7,0.8,1.3,10.2,,14.669746295526831
355,A.J. Green,MIL,2301587.0,$47301587,greenaj01,199,26,MIL,SG,3.4,0.424,3.0,0.419,0.4,0.469,0.612,0.7,0.855,0.4,2.4,2.7,1.9,0.5,0.1,10.4,,14.649109442958824
356,Vince Williams Jr.,UTA,2301587.0,$2301587,willivi01,300,25,2TM,SG,2.6,0.353,1.4,0.311,1.2,0.417,0.447,1.0,0.78,1.0,2.9,3.9,4.2,0.7,0.4,7.5,,14.649109442958824
356,Vince Williams Jr.,UTA,2301587.0,$2301587,willivi01,300,25,MEM,PG,2.7,0.352,1.4,0.308,1.3,0.419,0.445,1.1,0.804,1.0,3.0,4.0,4.4,0.8,0.4,8.0,,14.649109442958824
356,Vince Williams Jr.,UTA,2301587.0,$2301587,willivi01,300,25,UTA,SG,1.7,0.357,1.0,0.333,0.7,0.4,0.464,0.3,0.5,0.8,2.3,3.2,2.7,0.3,0.3,4.7,,14.649109442958824
357,Keon Ellis,CLE,2301587.0,$2301587,elliske01,331,26,2TM,SG,2.3,0.44,1.3,0.363,1.1,0.586,0.559,0.7,0.729,0.5,1.3,1.9,1.0,1.2,0.6,6.7,,14.649109442958824
357,Keon Ellis,CLE,2301587.0,$2301587,elliske01,331,26,SAC,SG,1.9,0.397,1.2,0.368,0.7,0.462,0.524,0.5,0.625,0.3,0.9,1.3,0.6,1.1,0.5,5.6,,14.649109442958824
357,Keon Ellis,CLE,2301587.0,$2301587,elliske01,331,26,CLE,SG,3.0,0.491,1.3,0.355,1.7,0.706,0.6,1.1,0.816,0.8,2.0,2.8,1.6,1.3,0.8,8.3,,14.649109442958824
358,Ryan Kalkbrenner,CHO,2296274.0,$4707364,kalkbry01,299,24,CHO,C,3.2,0.753,0.0,0.0,3.2,0.766,0.753,1.2,0.716,2.4,3.0,5.5,0.8,0.5,1.5,7.6,,14.646798367280478
359,Sion James,CHO,2296274.0,$4707364,jamessi01,391,23,CHO,SG,1.7,0.371,1.0,0.352,0.7,0.404,0.483,1.0,0.837,0.6,2.9,3.5,2.0,0.6,0.2,5.4,,14.646798367280478
361,Anthony Gill,WAS,2296274.0,$2296274,gillan01,367,33,WAS,PF,2.5,0.628,0.3,0.354,2.1,0.707,0.667,0.6,0.739,1.1,1.8,2.9,1.3,0.6,0.4,5.8,,14.646798367280478
362,Chris Boucher,UTA,2296274.0,$2296274,bouchch01,520,33,BOS,PF,0.9,0.32,0.2,0.133,0.7,0.6,0.36,0.3,0.75,0.2,1.8,2.0,0.3,0.6,0.8,2.3,,14.646798367280478
363,Chris Paul,TOR,2296274.0,$2296274,paulch01,499,40,LAC,PG,1.1,0.321,0.6,0.333,0.5,0.308,0.411,0.1,0.5,0.4,1.4,1.8,3.3,0.7,0.0,2.9,,14.646798367280478
364,Garrett Temple,TOR,2296274.0,$2296274,templga01,576,39,TOR,SG,0.2,0.267,0.1,0.25,0.0,0.333,0.367,0.3,0.667,0.0,0.4,0.4,0.4,0.2,0.1,0.8,,14.646798367280478
365,Bismack Biyombo,SAS,2296274.0,$2296274,biyombi01,569,33,SAS,C,0.4,0.6,0.0,,0.4,0.6,0.6,0.2,0.714,0.2,0.8,1.0,0.2,0.2,0.1,0.9,,14.646798367280478
366,Lindy Waters III,SAS,2296274.0,$2296274,waterli01,519,28,SAS,SG,0.8,0.375,0.7,0.342,0.2,0.667,0.528,0.1,0.667,0.1,0.7,0.7,0.5,0.2,0.0,2.4,,14.646798367280478
367,Jordan McLaughlin,SAS,2296274.0,$2296274,mclaujo01,536,29,SAS,PG,0.8,0.418,0.4,0.425,0.4,0.41,0.525,0.1,0.857,0.2,0.6,0.7,0.9,0.5,0.0,2.0,,14.646798367280478
368,Russell Westbrook,SAC,2296274.0,$2296274,westbru01,98,37,SAC,SF,5.6,0.427,2.0,0.338,3.6,0.5,0.503,2.0,0.694,1.3,4.2,5.4,6.7,1.3,0.2,15.2,,14.646798367280478
369,Doug McDermott,SAC,2296274.0,$2296274,mcderdo01,375,34,SAC,SF,1.9,0.388,1.7,0.39,0.2,0.375,0.561,0.3,0.889,0.2,1.0,1.3,0.8,0.2,0.1,5.7,,14.646798367280478
370,Drew Eubanks,SAC,2296274.0,$2296274,eubandr01,397,28,SAC,C,2.2,0.596,0.0,0.143,2.2,0.617,0.599,0.8,0.561,0.9,2.1,3.0,0.5,0.4,0.6,5.2,,14.646798367280478
371,Blake Wesley,POR,5643732.0,$2296274,weslebl01,410,22,POR,SG,1.8,0.452,0.3,0.278,1.5,0.523,0.492,0.8,0.553,0.3,1.0,1.3,2.0,0.5,0.2,4.8,,15.546056106773575
372,Cole Anthony,PHO,5996274.0,$2296274,anthoco01,333,25,MIL,PG,2.8,0.424,0.6,0.306,2.2,0.478,0.472,0.5,0.615,0.5,2.0,2.5,3.5,0.6,0.3,6.7,,15.606648834291963
373,Amir Coffey,PHO,2296274.0,$2296274,coffeam01,482,28,2TM,SG,1.2,0.487,0.4,0.347,0.8,0.594,0.562,0.5,0.786,0.4,0.8,1.2,0.6,0.2,0.1,3.2,,14.646798367280478
373,Amir Coffey,PHO,2296274.0,$2296274,coffeam01,482,28,MIL,SG,0.9,0.473,0.2,0.28,0.6,0.633,0.536,0.4,0.867,0.2,0.7,0.9,0.4,0.1,0.1,2.4,,14.646798367280478
373,Amir Coffey,PHO,2296274.0,$2296274,coffeam01,482,28,PHO,SG,1.8,0.5,0.6,0.417,1.2,0.559,0.586,0.6,0.692,0.8,1.1,1.9,1.0,0.4,0.1,4.8,,14.646798367280478
374,Collin Gillespie,PHO,2296274.0,$2296274,gilleco01,143,26,PHO,PG,4.4,0.418,2.9,0.401,1.5,0.455,0.556,1.0,0.874,1.1,3.0,4.1,4.6,1.2,0.2,12.7,,14.646798367280478
375,Kyle Lowry,PHI,2296274.0,$2296274,lowryky01,563,39,PHI,PG,0.3,0.16,0.3,0.16,0.0,,0.24,0.4,0.833,0.0,0.6,0.6,0.8,0.1,0.1,1.2,,14.646798367280478
376,Mason Plumlee,OKC,3022108.0,$2296274,plumlma01,548,35,2TM,C,0.6,0.786,0.0,,0.6,0.786,0.786,0.5,0.643,0.9,1.8,2.7,1.0,0.5,0.0,1.6,,14.921465159098144
376,Mason Plumlee,OKC,3022108.0,$2296274,plumlma01,548,35,CHO,C,0.6,0.75,0.0,,0.6,0.75,0.75,0.6,0.667,0.7,2.1,2.9,1.1,0.4,0.0,1.9,,14.921465159098144
376,Mason Plumlee,OKC,3022108.0,$2296274,plumlma01,548,35,SAS,C,0.3,1.0,0.0,,0.3,1.0,1.0,0.2,0.5,1.2,1.0,2.2,0.7,0.7,0.0,0.8,,14.921465159098144
377,Landry Shamet,NYK,2296274.0,$2296274,shamela01,233,28,NYK,SG,3.1,0.437,2.0,0.392,1.1,0.554,0.578,1.1,0.711,0.5,1.4,1.8,1.4,0.6,0.2,9.3,,14.646798367280478
378,Jordan Clarkson,NYK,12947835.0,$2296274,clarkjo01,255,33,NYK,SG,3.3,0.451,1.0,0.327,2.3,0.535,0.517,1.1,0.83,0.9,0.9,1.8,1.3,0.4,0.1,8.6,,16.37643915066626
379,Bones Hyland,MIN,2296274.0,$2296274,hylanbo01,261,25,MIN,PG,3.0,0.453,1.6,0.388,1.4,0.568,0.577,0.9,0.78,0.3,1.5,1.8,2.6,0.6,0.2,8.5,,14.646798367280478
380,Joe Ingles,MIN,2296274.0,$2296274,inglejo01,553,38,MIN,SF,0.6,0.593,0.3,0.438,0.3,0.818,0.722,0.1,1.0,0.0,0.7,0.7,1.3,0.3,0.1,1.5,,14.646798367280478
381,Chris Livingston,MIL,,$2296274,livinch01,490,22,CLE,SF,1.3,0.571,0.0,0.0,1.3,1.0,0.571,0.3,1.0,0.0,1.0,1.0,0.3,0.3,0.0,3.0,,
382,Thanasis Antetokounmpo,MIL,2296274.0,$2296274,antetth01,555,33,MIL,SF,0.4,0.469,0.0,0.0,0.4,0.536,0.469,0.5,0.567,0.4,0.5,0.9,0.4,0.4,0.2,1.4,,14.646798367280478
383,Eric Gordon,MEM,2296274.0,$2296274,gordoer01,381,37,PHI,SG,2.0,0.571,1.3,0.571,0.7,0.571,0.762,0.2,0.5,0.2,0.2,0.3,0.5,0.7,0.2,5.5,,14.646798367280478
384,Josh Okogie,HOU,2296274.0,$2296274,okogijo01,420,27,HOU,SG,1.6,0.425,0.8,0.385,0.8,0.474,0.531,0.5,0.594,1.0,1.5,2.6,0.9,0.8,0.2,4.5,,14.646798367280478
385,Jeff Green,HOU,2296274.0,$2296274,greenje02,523,39,HOU,PF,0.8,0.368,0.4,0.273,0.4,0.542,0.456,0.2,1.0,0.2,0.6,0.8,0.3,0.1,0.1,2.2,,14.646798367280478
386,Aaron Holiday,HOU,2296274.0,$2296274,holidaa01,383,29,HOU,PG,1.8,0.417,1.2,0.394,0.7,0.463,0.55,0.6,0.854,0.2,0.8,1.0,1.1,0.5,0.1,5.5,,14.646798367280478
387,Jae'Sean Tate,HOU,2296274.0,$2296274,tateja01,504,30,HOU,SF,1.2,0.514,0.2,0.313,1.0,0.597,0.56,0.2,0.636,0.7,0.9,1.6,0.5,0.2,0.1,2.8,,14.646798367280478
388,Gary Payton II,GSW,2296274.0,$2296274,paytoga02,302,33,GSW,SG,3.3,0.583,0.5,0.291,2.8,0.712,0.628,0.4,0.65,1.4,2.2,3.6,1.7,0.9,0.3,7.5,,14.646798367280478
389,Javonte Green,DET,2296274.0,$2296274,greenja02,327,32,DET,SG,2.3,0.447,1.1,0.381,1.1,0.545,0.56,1.3,0.84,0.8,2.0,2.8,0.7,1.2,0.3,6.9,,14.646798367280478
390,Tim Hardaway Jr.,DEN,2296274.0,$2296274,hardati02,132,33,DEN,SG,4.4,0.447,2.8,0.407,1.6,0.541,0.591,2.0,0.811,0.2,2.4,2.6,1.4,0.5,0.1,13.5,6MOY-3,14.646798367280478
391,Bruce Brown,DEN,2296274.0,$2296274,brownbr01,288,29,DEN,SG,3.0,0.475,0.7,0.385,2.3,0.511,0.53,1.2,0.762,1.0,2.8,3.9,2.1,1.0,0.2,7.9,,14.646798367280478
392,Marvin Bagley III,DAL,2296274.0,$2296274,baglema01,196,26,2TM,PF,4.2,0.618,0.4,0.462,3.8,0.641,0.647,1.6,0.66,2.5,3.6,6.1,1.4,0.5,0.7,10.5,,14.646798367280478
392,Marvin Bagley III,DAL,2296274.0,$2296274,baglema01,196,26,WAS,PF,4.1,0.626,0.2,0.421,3.8,0.643,0.642,1.8,0.711,2.6,3.1,5.7,1.5,0.5,0.7,10.1,,14.646798367280478
392,Marvin Bagley III,DAL,2296274.0,$2296274,baglema01,196,26,DAL,PF,4.5,0.606,0.7,0.485,3.8,0.636,0.655,1.2,0.553,2.4,4.4,6.8,1.3,0.4,0.7,11.0,,14.646798367280478
393,Thomas Bryant,CLE,2296274.0,$2296274,bryanth01,350,28,CLE,C,2.3,0.506,0.8,0.359,1.5,0.647,0.594,0.9,0.803,1.0,2.4,3.4,0.6,0.3,0.4,6.2,,14.646798367280478
394,Larry Nance Jr.,CLE,2296274.0,$2296274,nancela02,463,33,CLE,PF,1.5,0.419,0.6,0.333,0.9,0.508,0.504,0.2,0.462,0.8,1.8,2.7,1.0,0.6,0.2,3.7,,14.646798367280478
395,Keaton Wallace,ATL,2296274.0,$2296274,wallake01,470,26,ATL,PG,1.3,0.398,0.7,0.373,0.6,0.435,0.509,0.2,0.667,0.1,1.0,1.1,1.8,0.5,0.1,3.5,,14.646798367280478
396,Jock Landale,ATL,2296274.0,$2296274,landajo01,195,30,2TM,C,4.1,0.515,1.1,0.383,3.1,0.586,0.582,1.2,0.635,2.7,3.0,5.7,1.7,0.5,0.5,10.6,,14.646798367280478
396,Jock Landale,ATL,2296274.0,$2296274,landajo01,195,30,MEM,C,4.4,0.514,1.1,0.38,3.4,0.581,0.577,1.3,0.674,3.1,3.4,6.5,1.7,0.6,0.5,11.3,,14.646798367280478
396,Jock Landale,ATL,2296274.0,$2296274,landajo01,195,30,ATL,C,3.6,0.516,1.1,0.391,2.5,0.6,0.594,0.9,0.541,1.8,2.3,4.1,1.7,0.4,0.6,9.1,,14.646798367280478
397,Scotty Pippen Jr.,MEM,2270735.0,$2270735,pippesc02,180,25,MEM,PG,4.3,0.448,1.0,0.313,3.3,0.516,0.5,1.8,0.783,0.8,1.4,2.2,4.7,1.9,0.4,11.4,,14.635614125595643
398,JD Davison,BOS,2270735.0,$2270735,davisjd01,512,23,HOU,PG,0.9,0.375,0.3,0.25,0.6,0.5,0.438,0.5,0.684,0.1,1.1,1.2,1.3,0.2,0.2,2.5,,14.635614125595643
399,Brandon Williams,DAL,2270735.0,,willibr03,141,26,DAL,PG,4.4,0.472,0.5,0.232,3.9,0.552,0.501,3.7,0.793,0.5,2.4,2.9,3.9,0.9,0.3,13.0,,14.635614125595643
400,Moussa Diabaté,CHO,2270735.0,,diabamo01,289,24,CHO,C,3.1,0.631,0.0,0.5,3.1,0.632,0.632,1.6,0.659,3.7,5.0,8.7,1.9,0.8,1.0,7.9,,14.635614125595643
401,DeAndre Jordan,NOP,2269880.0,$2269880,jordade01,428,37,NOP,C,1.8,0.656,0.0,,1.8,0.656,0.656,0.9,0.647,2.2,4.2,6.3,0.9,0.3,0.8,4.4,,14.635237524624142
402,Toumani Camara,POR,2221677.0,$83221677,camarto01,134,25,POR,PF,4.8,0.44,2.7,0.37,2.1,0.579,0.563,1.2,0.708,1.6,3.6,5.1,2.5,1.1,0.4,13.4,,14.61377287407881
403,Rayan Rupert,POR,2353647.0,$2221677,ruperra01,395,21,2TM,SG,1.9,0.393,0.7,0.324,1.2,0.446,0.463,0.7,0.778,0.8,2.2,2.9,1.1,0.9,0.1,5.2,,14.67147659803849
403,Rayan Rupert,POR,2353647.0,$2221677,ruperra01,395,21,POR,SG,1.1,0.361,0.5,0.31,0.6,0.408,0.435,0.2,0.643,0.5,1.3,1.8,0.7,0.6,0.0,2.9,,14.67147659803849
403,Rayan Rupert,POR,2353647.0,$2221677,ruperra01,395,21,MEM,SG,4.4,0.422,1.4,0.338,3.0,0.475,0.488,2.1,0.825,1.6,4.8,6.4,2.1,1.6,0.4,12.2,,14.67147659803849
404,Julian Phillips,MIN,2221677.0,$2221677,phillju01,494,22,2TM,SF,1.1,0.421,0.4,0.308,0.6,0.554,0.504,0.4,0.783,0.5,0.5,1.0,0.2,0.5,0.1,2.9,,14.61377287407881
404,Julian Phillips,MIN,2221677.0,$2221677,phillju01,494,22,CHI,SF,1.1,0.42,0.5,0.327,0.6,0.538,0.511,0.3,0.818,0.6,0.6,1.3,0.2,0.5,0.2,2.8,,14.61377287407881
404,Julian Phillips,MIN,2221677.0,$2221677,phillju01,494,22,MIN,SF,1.1,0.424,0.3,0.25,0.8,0.588,0.485,0.7,0.75,0.1,0.3,0.4,0.2,0.4,0.1,3.2,,14.61377287407881
405,GG Jackson II,MEM,2221677.0,$2221677,jacksgg01,145,21,MEM,PF,4.6,0.496,1.2,0.332,3.5,0.595,0.558,2.0,0.742,0.9,3.4,4.3,1.5,0.6,0.8,12.5,,14.61377287407881
406,Gui Santos,GSW,2221677.0,$2221677,santogu01,240,23,GSW,PF,3.4,0.5,1.1,0.351,2.2,0.639,0.585,1.3,0.725,1.1,2.8,3.9,2.3,0.9,0.3,9.2,,14.61377287407881
407,Jalen Pickett,DEN,2221677.0,$2221677,pickeja02,401,26,DEN,SG,2.0,0.422,1.0,0.386,1.0,0.467,0.528,0.3,0.789,0.4,1.9,2.3,2.3,0.3,0.1,5.2,,14.61377287407881
408,Hunter Tyson,BRK,2221677.0,$2221677,tysonhu01,527,25,DEN,PF,0.7,0.269,0.3,0.212,0.3,0.368,0.337,0.5,0.846,0.2,1.5,1.7,0.8,0.1,0.0,2.2,,14.61377287407881
409,Jalen Wilson,BRK,2221677.0,$2221677,wilsoja03,346,25,BRK,PF,2.0,0.396,1.0,0.355,1.0,0.444,0.493,1.3,0.719,0.3,1.8,2.1,0.9,0.4,0.0,6.4,,14.61377287407881
410,Jordan Walsh,BOS,2221677.0,$200000,walshjo01,394,21,BOS,PF,2.0,0.509,0.7,0.384,1.3,0.62,0.599,0.6,0.772,1.3,2.8,4.0,0.8,0.7,0.5,5.4,,14.61377287407881
411,Trayce Jackson-Davis,TOR,2221677.0,,jackstr02,471,25,2TM,C,1.3,0.573,0.0,1.0,1.3,0.569,0.577,0.7,0.514,1.2,1.5,2.7,0.7,0.3,0.5,3.4,,14.61377287407881
411,Trayce Jackson-Davis,TOR,2221677.0,,jackstr02,471,25,GSW,C,1.7,0.588,0.0,1.0,1.6,0.584,0.593,0.8,0.558,1.3,1.8,3.1,0.9,0.4,0.5,4.2,,14.61377287407881
411,Trayce Jackson-Davis,TOR,2221677.0,,jackstr02,471,25,TOR,C,0.6,0.5,0.0,,0.6,0.5,0.5,0.5,0.409,1.1,0.8,1.9,0.4,0.2,0.3,1.8,,14.61377287407881
412,Andre Jackson Jr.,MIL,2221677.0,,jacksan01,515,24,MIL,SG,0.8,0.328,0.3,0.25,0.5,0.407,0.391,0.4,0.625,0.5,1.0,1.5,0.9,0.4,0.1,2.4,,14.61377287407881
413,Craig Porter Jr.,CLE,2221677.0,,portecr01,422,25,CLE,PG,1.8,0.45,0.5,0.355,1.3,0.503,0.514,0.4,0.6,1.3,2.1,3.4,3.2,0.9,0.6,4.5,,14.61377287407881
414,Leonard Miller,CHI,2221677.0,,millele01,291,22,2TM,SF,3.2,0.553,0.7,0.323,2.5,0.693,0.615,0.8,0.736,1.2,2.8,3.9,0.9,0.4,0.3,7.8,,14.61377287407881
414,Leonard Miller,CHI,2221677.0,,millele01,291,22,MIN,SF,0.9,0.545,0.1,0.083,0.9,0.81,0.561,0.4,0.636,0.4,0.9,1.3,0.3,0.2,0.0,2.3,,14.61377287407881
414,Leonard Miller,CHI,2221677.0,,millele01,291,22,CHI,SF,4.7,0.555,1.1,0.356,3.6,0.676,0.622,1.2,0.762,1.7,4.0,5.8,1.3,0.5,0.6,11.7,,14.61377287407881
415,Duop Reath,ATL,2221677.0,,reathdu01,500,29,POR,C,1.0,0.446,0.7,0.418,0.3,0.526,0.601,0.2,0.833,0.3,0.9,1.2,0.3,0.2,0.3,2.9,,14.61377287407881
416,Mouhamed Gueye,ATL,2221677.0,,gueyemo02,426,23,ATL,PF,1.7,0.452,0.5,0.308,1.2,0.569,0.521,0.5,0.645,1.2,2.4,3.6,0.9,0.8,0.5,4.4,,14.61377287407881
418,Tyler Kolek,NYK,2191897.0,$4488168,kolekty01,429,24,NYK,PG,1.7,0.435,0.7,0.386,1.0,0.478,0.524,0.2,0.7,0.3,1.3,1.6,2.7,0.4,0.1,4.4,,14.600277936894928
419,Jaylen Clark,MIN,2191897.0,$2191897,clarkja02,450,24,MIN,SG,1.5,0.434,0.5,0.327,1.0,0.52,0.507,0.6,0.657,0.8,1.0,1.8,0.6,0.7,0.1,4.0,,14.600277936894928
420,Tyrese Martin,BRK,2191897.0,$2191897,martity01,348,26,2TM,SG,2.4,0.394,1.2,0.321,1.2,0.5,0.489,0.4,0.679,0.7,1.8,2.5,1.7,0.5,0.1,6.3,,14.600277936894928
420,Tyrese Martin,BRK,2191897.0,$2191897,martity01,348,26,BRK,SG,2.7,0.392,1.4,0.336,1.3,0.476,0.492,0.5,0.731,0.9,2.0,2.9,1.9,0.6,0.1,7.3,,14.600277936894928
420,Tyrese Martin,BRK,2191897.0,$2191897,martity01,348,26,PHI,SG,1.0,0.409,0.2,0.154,0.8,0.778,0.455,0.0,0.0,0.2,0.9,1.1,1.0,0.3,0.2,2.2,,14.600277936894928
421,Precious Achiuwa,SAC,2111516.0,$2111516,achiupr01,210,26,SAC,C,4.3,0.528,0.4,0.278,4.0,0.577,0.551,1.1,0.554,2.4,4.3,6.7,1.4,0.9,0.7,10.1,,14.56291673087893
422,Justin Edwards,PHI,2048494.0,$4459584,edwarju01,357,22,PHI,SF,2.2,0.447,1.0,0.372,1.2,0.543,0.552,0.5,0.846,0.4,1.1,1.5,1.3,0.8,0.2,6.0,,14.532615446992354
423,Nigel Hayes-Davis,MIL,2048494.0,$2048494,hayesni01,559,31,PHO,SF,0.6,0.326,0.1,0.125,0.5,0.433,0.348,0.1,0.5,0.4,0.8,1.2,0.3,0.3,0.1,1.3,,14.532615446992354
424,N'Faly Dante,ATL,2048494.0,,nfalyda01,571,24,ATL,C,0.3,0.25,0.0,,0.3,0.25,0.25,0.3,1.0,0.8,1.0,1.8,0.0,0.5,0.0,0.8,,14.532615446992354
425,Johnny Furphy,IND,1955377.0,$4251648,furphjo01,406,21,IND,SG,2.0,0.47,0.7,0.324,1.3,0.603,0.547,0.5,0.486,0.9,3.5,4.4,1.2,0.6,0.2,5.1,,14.486093571685258
426,Jonathan Mogbo,TOR,1955377.0,$1955377,mogbojo01,554,24,TOR,PF,0.7,0.591,0.0,0.0,0.7,0.605,0.591,0.2,0.643,0.5,1.2,1.7,0.6,0.3,0.2,1.5,,14.486093571685258
427,Jamal Shead,TOR,1955377.0,$1955377,sheadja01,337,23,TOR,PG,2.3,0.367,1.0,0.321,1.2,0.417,0.45,1.1,0.784,0.3,1.4,1.7,5.4,0.9,0.2,6.6,6MOY-12,14.486093571685258
428,Oso Ighodaro,PHO,1955377.0,$1955377,ighodos01,338,23,PHO,PF,2.9,0.653,0.0,0.0,2.9,0.655,0.653,0.6,0.453,1.7,3.4,5.1,2.3,0.9,0.7,6.5,,14.486093571685258
429,Ariel Hukporti,NYK,1955377.0,$1955377,hukpoar01,525,23,NYK,C,0.8,0.563,0.0,0.25,0.8,0.579,0.569,0.5,0.788,1.0,1.9,2.9,0.5,0.2,0.5,2.2,,14.486093571685258
430,Karlo Matković,NOP,1955377.0,$1955377,matkoka01,374,24,NOP,PF,2.3,0.604,0.6,0.422,1.7,0.717,0.685,0.5,0.732,1.2,2.5,3.7,0.8,0.4,0.9,5.7,,14.486093571685258
431,Tyler Smith,MIL,1955377.0,$1955377,smithty02,411,21,DAL,PF,1.8,0.42,0.8,0.286,0.9,0.733,0.52,0.3,0.667,1.0,1.8,2.8,0.4,0.5,0.0,4.7,,14.486093571685258
432,Keshad Johnson,MIA,1955377.0,$1955377,johnske10,435,24,MIA,SF,1.6,0.49,0.4,0.295,1.2,0.633,0.553,0.7,0.724,0.8,1.1,1.9,0.3,0.5,0.3,4.3,,14.486093571685258
433,Jaylen Wells,MEM,1955377.0,$1955377,wellsja01,148,22,MEM,SG,4.4,0.431,1.9,0.353,2.5,0.517,0.524,1.9,0.784,0.9,2.3,3.2,1.6,0.9,0.1,12.5,,14.486093571685258
434,Bronny James,LAL,1955377.0,$1955377,jamesbr02,496,21,LAL,SG,1.1,0.409,0.5,0.386,0.6,0.431,0.504,0.1,0.857,0.1,0.4,0.5,1.2,0.5,0.1,2.9,,14.486093571685258
435,Cam Christie,LAC,1955377.0,$1955377,chrisca02,501,20,LAC,SG,1.0,0.381,0.2,0.245,0.7,0.456,0.424,0.7,0.76,0.3,1.1,1.4,0.6,0.3,0.1,2.8,,14.486093571685258
436,Quinten Post,GSW,1955377.0,$1955377,postqu01,296,25,GSW,PF,2.9,0.44,1.4,0.336,1.5,0.617,0.546,0.5,0.791,1.0,3.0,4.0,1.4,0.4,0.5,7.7,,14.486093571685258
437,Bobi Klintman,DET,1955377.0,$1955377,klintbo01,540,22,DET,SF,0.8,0.333,0.3,0.308,0.4,0.357,0.407,0.0,0.0,0.4,1.2,1.6,0.5,0.3,0.0,1.8,,14.486093571685258
438,Isaac Jones,DET,1955377.0,$1955377,jonesis01,557,25,2TM,PF,0.4,0.429,0.0,0.0,0.4,0.6,0.429,0.4,0.75,0.3,0.4,0.7,0.1,0.0,0.1,1.3,,14.486093571685258
438,Isaac Jones,DET,1955377.0,$1955377,jonesis01,557,25,SAC,PF,0.3,0.5,0.0,0.0,0.3,1.0,0.5,0.3,0.5,0.7,0.0,0.7,0.3,0.0,0.0,1.0,,14.486093571685258
438,Isaac Jones,DET,1955377.0,$1955377,jonesis01,557,25,DET,PF,0.5,0.4,0.0,0.0,0.5,0.5,0.4,0.5,1.0,0.0,0.8,0.8,0.0,0.0,0.3,1.5,,14.486093571685258
439,Drew Timme,BRK,1955377.0,$1955377,timmedr01,474,25,LAL,PF,1.4,0.576,0.4,0.44,1.0,0.659,0.659,0.2,0.556,0.4,0.9,1.2,0.9,0.2,0.0,3.4,,14.486093571685258
440,Jamison Battle,TOR,1955377.0,,battlja01,485,24,TOR,SF,1.2,0.51,0.6,0.412,0.6,0.65,0.631,0.1,0.643,0.3,1.1,1.5,0.4,0.1,0.0,3.1,,14.486093571685258
441,Adem Bona,PHI,1955377.0,,bonaad01,409,22,PHI,C,1.8,0.595,0.0,0.333,1.8,0.603,0.6,1.1,0.708,1.8,2.5,4.3,0.5,0.4,1.2,4.8,,14.486093571685258
442,Pelle Larsson,MIA,1955377.0,,larsspe01,179,24,MIA,SG,4.0,0.496,0.9,0.323,3.1,0.586,0.551,2.6,0.797,1.0,2.5,3.5,3.4,0.7,0.2,11.4,,14.486093571685258
443,Seth Curry,GSW,1755198.0,$1755198,curryse01,321,35,GSW,SG,2.4,0.49,1.2,0.48,1.2,0.5,0.612,1.1,0.917,0.4,0.8,1.2,1.0,0.3,0.0,7.1,,14.378092229031168
444,Micah Potter,IND,1527805.0,$1527805,pottemi01,222,27,IND,C,3.2,0.515,1.5,0.423,1.7,0.64,0.637,1.8,0.842,1.2,3.7,5.0,1.5,0.5,0.3,9.7,,14.239342622763711
445,Chaz Lanier,DET,1372870.0,$3523787,laniech01,516,24,DET,SG,0.8,0.315,0.6,0.284,0.3,0.409,0.421,0.1,0.833,0.2,0.4,0.7,0.5,0.2,0.0,2.4,,14.132413997091845
446,Pat Connaughton,CHO,10739683.0,$10739683,connapa01,509,33,CHO,SG,0.9,0.447,0.5,0.404,0.4,0.515,0.571,0.3,0.65,0.4,1.1,1.5,0.4,0.3,0.0,2.6,,16.189456130780716
447,Rasheer Fleming,PHO,1272870.0,$5949688,flemira01,433,21,PHO,PF,1.6,0.405,0.8,0.346,0.8,0.494,0.509,0.3,0.559,1.0,1.2,2.3,0.3,0.4,0.4,4.3,,14.056784751350765
448,Maxime Raynaud,SAC,1272870.0,$3423787,raynama01,147,22,SAC,C,5.2,0.571,0.3,0.324,4.9,0.601,0.589,1.8,0.786,1.9,5.6,7.5,1.4,0.5,0.5,12.5,,14.056784751350765
449,Johni Broome,PHI,1272870.0,$3423787,broomjo01,570,23,PHI,C,0.4,0.167,0.0,0.0,0.4,0.211,0.167,0.2,0.333,0.6,0.8,1.5,0.4,0.3,0.2,0.9,,14.056784751350765
450,Noah Penda,ORL,1272870.0,$3423787,pendano01,458,21,ORL,SF,1.4,0.404,0.5,0.323,0.9,0.473,0.478,0.6,0.688,1.1,2.0,3.2,1.2,0.5,0.3,3.8,,14.056784751350765
451,Micah Peavy,NOP,1272870.0,$3423787,peavymi01,441,24,NOP,SG,1.7,0.385,0.5,0.259,1.3,0.467,0.436,0.4,0.759,0.8,1.2,1.9,1.0,0.7,0.1,4.3,,14.056784751350765
452,Adou Thiero,LAL,1272870.0,$3423787,thierad01,539,21,LAL,SF,0.6,0.516,0.0,0.333,0.6,0.536,0.532,0.6,0.636,0.4,0.8,1.1,0.4,0.3,0.1,1.9,,14.056784751350765
453,Will Richard,GSW,1272870.0,$3423787,richawi02,345,23,GSW,SG,2.3,0.468,1.0,0.335,1.3,0.679,0.571,0.7,0.852,1.0,1.5,2.5,1.3,1.2,0.1,6.4,,14.056784751350765
454,Tyrese Proctor,CLE,1272870.0,$3423787,proctty01,393,21,CLE,PG,1.9,0.413,0.9,0.351,0.9,0.5,0.516,0.8,0.889,0.2,1.1,1.3,1.5,0.5,0.0,5.4,,14.056784751350765
455,Mohamed Diawara,NYK,1272870.0,$1272870,diawamo01,467,20,NYK,SF,1.3,0.423,0.7,0.369,0.6,0.506,0.535,0.3,0.75,0.2,1.1,1.4,0.8,0.2,0.1,3.6,,14.056784751350765
456,Kam Jones,IND,1272870.0,$1272870,joneska03,427,23,IND,SG,1.8,0.402,0.6,0.293,1.2,0.489,0.467,0.1,0.5,0.4,1.2,1.6,3.2,0.5,0.0,4.4,,14.056784751350765
458,Olivier-Maxence Prosper,DAL,1002360.0,$3007080,prospol01,215,23,MEM,PF,3.6,0.549,1.1,0.405,2.5,0.653,0.634,1.6,0.754,1.1,2.4,3.5,1.0,0.8,0.2,10.0,,13.817867777537952
459,James Wiseman,IND,1131970.0,$1131970,wisemja01,481,24,IND,C,1.5,0.6,0.0,,1.5,0.6,0.6,0.3,0.5,1.3,0.8,2.0,0.8,0.0,0.3,3.3,,13.939470035627302
460,Jevon Carter,ORL,7680524.0,$871000,carteje01,343,30,2TM,PG,2.3,0.401,1.5,0.363,0.8,0.489,0.528,0.3,0.789,0.3,1.4,1.7,1.6,0.8,0.2,6.4,,15.854198331963017
460,Jevon Carter,ORL,7680524.0,$871000,carteje01,343,30,CHI,PG,1.8,0.398,1.4,0.41,0.4,0.36,0.553,0.4,1.0,0.2,0.9,1.1,0.8,0.6,0.1,5.4,,15.854198331963017
460,Jevon Carter,ORL,7680524.0,$871000,carteje01,343,30,ORL,PG,2.7,0.402,1.5,0.336,1.2,0.537,0.515,0.2,0.556,0.3,1.8,2.1,2.3,0.9,0.3,7.2,,15.854198331963017
461,Pat Spencer,GSW,857804.0,$857804,spencpa01,317,29,GSW,PG,2.8,0.427,0.9,0.357,1.9,0.47,0.495,0.7,0.772,0.8,1.6,2.4,3.5,0.7,0.1,7.2,,13.662130914145674
462,Kobe Bufkin,LAL,5480297.0,$976577,bufkiko01,495,22,LAL,SG,0.9,0.3,0.3,0.192,0.6,0.417,0.35,0.7,0.917,0.1,0.8,0.8,0.6,0.1,0.2,2.9,,15.516669854535882
463,Cam Thomas,MIL,6837779.0,$844607,thomaca02,131,24,2TM,SG,4.5,0.41,1.2,0.31,3.3,0.468,0.466,3.3,0.811,0.3,1.4,1.7,2.6,0.2,0.1,13.5,,15.737973529267466
463,Cam Thomas,MIL,6837779.0,$844607,thomaca02,131,24,BRK,SG,5.1,0.399,1.6,0.325,3.5,0.445,0.461,3.8,0.843,0.4,1.4,1.8,3.1,0.2,0.1,15.6,,15.737973529267466
463,Cam Thomas,MIL,6837779.0,$844607,thomaca02,131,24,MIL,SG,3.7,0.431,0.8,0.275,2.9,0.51,0.477,2.6,0.754,0.1,1.4,1.6,1.9,0.3,0.1,10.7,,15.737973529267466
464,Haywood Highsmith,PHO,6443984.0,$1827984,highsha01,390,29,PHO,SF,1.7,0.522,1.1,0.571,0.6,0.444,0.696,0.9,0.857,0.9,1.0,1.9,1.0,0.6,0.0,5.4,,15.678657540346062
465,Jeremy Sochan,NYK,7874853.0,$778622,sochaje01,466,22,2TM,PF,1.5,0.496,0.3,0.244,1.2,0.631,0.539,0.4,0.731,0.8,1.6,2.4,0.9,0.4,0.2,3.6,,15.87918507583508
465,Jeremy Sochan,NYK,7874853.0,$778622,sochaje01,466,22,SAS,PF,1.7,0.475,0.3,0.257,1.4,0.594,0.52,0.4,0.688,0.9,1.7,2.6,1.0,0.4,0.2,4.1,,15.87918507583508
465,Jeremy Sochan,NYK,7874853.0,$778622,sochaje01,466,22,NYK,PF,1.1,0.567,0.1,0.2,0.9,0.75,0.6,0.5,0.8,0.7,1.4,2.1,0.8,0.4,0.1,2.8,,15.87918507583508
466,Mike Conley,MIN,11499872.0,$725834,conlemi01,419,38,MIN,PG,1.3,0.335,1.0,0.337,0.3,0.327,0.465,0.8,0.9,0.3,1.4,1.7,2.9,0.6,0.3,4.5,,16.257846462836753
467,Bryce McGowens,NOP,724598.0,$3309137,mcgowbr01,281,23,NOP,SG,2.7,0.481,0.9,0.409,1.8,0.528,0.561,1.8,0.779,0.3,1.8,2.1,1.5,0.6,0.2,8.1,,13.493372297295776
468,Jabari Walker,PHI,724598.0,$724598,walkeja01,442,23,PHI,PF,1.5,0.455,0.5,0.337,1.0,0.551,0.531,0.8,0.735,1.1,1.9,3.0,0.5,0.4,0.2,4.3,,13.493372297295776
469,Nae'Qwan Tomlin,CLE,718150.0,$3129240,tomlina01,370,25,CLE,PF,2.3,0.478,0.4,0.235,1.9,0.618,0.521,0.7,0.77,1.3,1.6,2.9,0.8,0.6,0.5,5.8,,13.484433739859968
470,Jordan Miller,LAC,712637.0,$3210449,millejo02,213,26,LAC,SF,3.5,0.531,0.6,0.345,2.9,0.602,0.579,2.3,0.777,0.8,2.2,3.0,2.3,0.8,0.2,10.0,,13.476727453343132
471,Cameron Payne,PHI,712637.0,$712637,payneca01,310,31,PHI,PG,2.5,0.376,1.5,0.33,1.1,0.462,0.483,0.9,0.864,0.1,1.9,2.0,2.6,1.1,0.3,7.4,,13.476727453343132
472,E.J. Liddell,PHO,706898.0,$1413796,liddeej01,373,25,BRK,PF,2.1,0.486,0.7,0.346,1.4,0.61,0.568,0.8,0.808,0.5,2.1,2.7,0.9,0.2,0.4,5.7,,13.468641662900552
473,Caleb Houstan,ATL,699440.0,$699440,houstca01,521,23,ATL,SF,0.8,0.538,0.6,0.524,0.2,0.6,0.75,0.2,1.0,0.3,0.3,0.6,0.2,0.1,0.1,2.3,,13.458035293854772
474,Sidy Cissoko,POR,686243.0,$686243,cissosi01,405,21,POR,SF,1.8,0.398,0.8,0.298,1.0,0.544,0.487,0.8,0.659,0.8,1.4,2.2,1.5,0.7,0.3,5.1,,13.438987071389555
476,Spencer Jones,DEN,623967.0,$623967,jonessp01,385,24,DEN,SF,2.1,0.504,0.9,0.396,1.2,0.636,0.613,0.5,0.608,1.2,2.1,3.3,0.8,0.8,0.5,5.5,,13.34385276133774
477,Mason Plumlee,SAS,3022108.0,$725834,plumlma01,548,35,2TM,C,0.6,0.786,0.0,,0.6,0.786,0.786,0.5,0.643,0.9,1.8,2.7,1.0,0.5,0.0,1.6,,14.921465159098144
477,Mason Plumlee,SAS,3022108.0,$725834,plumlma01,548,35,CHO,C,0.6,0.75,0.0,,0.6,0.75,0.75,0.6,0.667,0.7,2.1,2.9,1.1,0.4,0.0,1.9,,14.921465159098144
477,Mason Plumlee,SAS,3022108.0,$725834,plumlma01,548,35,SAS,C,0.3,1.0,0.0,,0.3,1.0,1.0,0.2,0.5,1.2,1.0,2.2,0.7,0.7,0.0,0.8,,14.921465159098144
478,Amari Williams,BOS,490128.0,$2641045,william01,556,24,BOS,PF,0.5,0.5,0.0,,0.5,0.5,0.5,0.5,0.714,0.4,1.4,1.8,0.5,0.1,0.5,1.4,,13.102421860463428
479,Kobe Sanders,LAC,475497.0,$475497,sandeko01,314,23,LAC,SG,2.6,0.466,1.2,0.408,1.5,0.527,0.57,0.8,0.826,0.4,1.8,2.3,1.6,0.7,0.1,7.3,,13.072115851799415
482,Myron Gardner,MIA,395029.0,$395029,gardnmy01,468,24,MIA,SF,1.3,0.48,0.6,0.406,0.7,0.559,0.585,0.4,0.731,0.9,1.8,2.7,1.0,0.4,0.2,3.6,,12.886714458909829
483,Jeremiah Robinson-Earl,IND,131970.0,$589305,robinje02,416,25,2TM,PF,1.7,0.37,0.5,0.244,1.2,0.458,0.42,0.8,0.944,1.6,3.0,4.7,0.7,0.4,0.0,4.6,,11.790329903010875
483,Jeremiah Robinson-Earl,IND,131970.0,$589305,robinje02,416,25,IND,PF,1.7,0.349,0.5,0.242,1.2,0.42,0.398,0.8,0.929,1.9,3.3,5.2,0.7,0.4,0.1,4.6,,11.790329903010875
483,Jeremiah Robinson-Earl,IND,131970.0,$589305,robinje02,416,25,DAL,PF,1.6,0.471,0.4,0.25,1.2,0.667,0.529,0.8,1.0,0.8,2.2,3.0,0.6,0.4,0.0,4.4,,11.790329903010875
484,Monte Morris,IND,321184.0,$321184,morrimo01,493,30,IND,PG,1.2,0.35,0.3,0.25,0.8,0.417,0.4,0.3,0.5,0.2,1.0,1.2,1.5,0.2,0.2,3.0,,12.679769446613527
485,Garrison Mathews,IND,429325.0,$561295,mathega01,399,29,IND,SG,1.4,0.404,1.1,0.37,0.3,0.667,0.567,1.3,0.826,0.1,1.0,1.1,0.7,0.4,0.2,5.2,,12.969969486852063
487,Mo Bamba,TOR,458711.0,$194771,bambamo01,511,27,2TM,C,1.3,0.455,0.0,,1.3,0.455,0.455,0.0,,2.5,3.0,5.5,0.3,0.0,0.8,2.5,,13.036175661113075
487,Mo Bamba,TOR,458711.0,$194771,bambamo01,511,27,TOR,C,0.0,0.0,0.0,,0.0,0.0,0.0,0.0,,0.5,0.5,1.0,0.0,0.0,0.5,0.0,,13.036175661113075
487,Mo Bamba,TOR,458711.0,$194771,bambamo01,511,27,UTA,C,2.5,0.556,0.0,,2.5,0.556,0.556,0.0,,4.5,5.5,10.0,0.5,0.0,1.0,5.0,,13.036175661113075
488,Mac McClung,IND,164060.0,$164060,mccluma01,355,27,2TM,SG,2.1,0.39,0.6,0.233,1.5,0.552,0.449,1.3,0.778,0.2,0.7,0.9,0.9,1.0,0.3,6.1,,12.00798749355674
488,Mac McClung,IND,164060.0,$164060,mccluma01,355,27,IND,SG,2.3,0.389,0.7,0.2,1.7,0.625,0.444,1.0,0.75,0.0,1.3,1.3,0.3,1.7,0.3,6.3,,12.00798749355674
488,Mac McClung,IND,164060.0,$164060,mccluma01,355,27,CHI,SG,2.0,0.39,0.6,0.25,1.4,0.524,0.451,1.4,0.786,0.3,0.5,0.8,1.1,0.8,0.3,6.0,,12.00798749355674
489,Tony Bradley,IND,3204816.0,$3204816,bradlto01,449,28,2TM,C,1.6,0.547,0.0,0.5,1.5,0.549,0.556,0.8,0.744,1.5,1.4,2.8,0.5,0.1,0.2,4.0,,14.98016523639246
489,Tony Bradley,IND,3204816.0,$3204816,bradlto01,449,28,IND,C,1.6,0.557,0.0,0.5,1.5,0.558,0.561,0.8,0.744,1.5,1.3,2.8,0.5,0.2,0.2,4.0,,14.98016523639246
489,Tony Bradley,IND,3204816.0,$3204816,bradlto01,449,28,ATL,C,1.7,0.455,0.3,0.5,1.3,0.444,0.5,0.0,,1.3,1.7,3.0,0.7,0.0,0.0,3.7,,14.98016523639246
490,Tony Bradley,IND,3204816.0,$3204816,bradlto01,449,28,2TM,C,1.6,0.547,0.0,0.5,1.5,0.549,0.556,0.8,0.744,1.5,1.4,2.8,0.5,0.1,0.2,4.0,,14.98016523639246
490,Tony Bradley,IND,3204816.0,$3204816,bradlto01,449,28,IND,C,1.6,0.557,0.0,0.5,1.5,0.558,0.561,0.8,0.744,1.5,1.3,2.8,0.5,0.2,0.2,4.0,,14.98016523639246
490,Tony Bradley,IND,3204816.0,$3204816,bradlto01,449,28,ATL,C,1.7,0.455,0.3,0.5,1.3,0.444,0.5,0.0,,1.3,1.7,3.0,0.7,0.0,0.0,3.7,,14.98016523639246
491,James Wiseman,IND,1131970.0,$1131970,wisemja01,481,24,IND,C,1.5,0.6,0.0,,1.5,0.6,0.6,0.3,0.5,1.3,0.8,2.0,0.8,0.0,0.3,3.3,,13.939470035627302
492,Kobe Bufkin,LAL,5480297.0,$976577,bufkiko01,495,22,LAL,SG,0.9,0.3,0.3,0.192,0.6,0.417,0.35,0.7,0.917,0.1,0.8,0.8,0.6,0.1,0.2,2.9,,15.516669854535882
493,Mason Plumlee,SAS,3022108.0,$725834,plumlma01,548,35,2TM,C,0.6,0.786,0.0,,0.6,0.786,0.786,0.5,0.643,0.9,1.8,2.7,1.0,0.5,0.0,1.6,,14.921465159098144
493,Mason Plumlee,SAS,3022108.0,$725834,plumlma01,548,35,CHO,C,0.6,0.75,0.0,,0.6,0.75,0.75,0.6,0.667,0.7,2.1,2.9,1.1,0.4,0.0,1.9,,14.921465159098144
493,Mason Plumlee,SAS,3022108.0,$725834,plumlma01,548,35,SAS,C,0.3,1.0,0.0,,0.3,1.0,1.0,0.2,0.5,1.2,1.0,2.2,0.7,0.7,0.0,0.8,,14.921465159098144
494,Jeremiah Robinson-Earl,IND,131970.0,$589305,robinje02,416,25,2TM,PF,1.7,0.37,0.5,0.244,1.2,0.458,0.42,0.8,0.944,1.6,3.0,4.7,0.7,0.4,0.0,4.6,,11.790329903010875
494,Jeremiah Robinson-Earl,IND,131970.0,$589305,robinje02,416,25,IND,PF,1.7,0.349,0.5,0.242,1.2,0.42,0.398,0.8,0.929,1.9,3.3,5.2,0.7,0.4,0.1,4.6,,11.790329903010875
494,Jeremiah Robinson-Earl,IND,131970.0,$589305,robinje02,416,25,DAL,PF,1.6,0.471,0.4,0.25,1.2,0.667,0.529,0.8,1.0,0.8,2.2,3.0,0.6,0.4,0.0,4.4,,11.790329903010875
495,Jeremiah Robinson-Earl,IND,131970.0,$589305,robinje02,416,25,2TM,PF,1.7,0.37,0.5,0.244,1.2,0.458,0.42,0.8,0.944,1.6,3.0,4.7,0.7,0.4,0.0,4.6,,11.790329903010875
495,Jeremiah Robinson-Earl,IND,131970.0,$589305,robinje02,416,25,IND,PF,1.7,0.349,0.5,0.242,1.2,0.42,0.398,0.8,0.929,1.9,3.3,5.2,0.7,0.4,0.1,4.6,,11.790329903010875
495,Jeremiah Robinson-Earl,IND,131970.0,$589305,robinje02,416,25,DAL,PF,1.6,0.471,0.4,0.25,1.2,0.667,0.529,0.8,1.0,0.8,2.2,3.0,0.6,0.4,0.0,4.4,,11.790329903010875
496,Garrison Mathews,IND,429325.0,$561295,mathega01,399,29,IND,SG,1.4,0.404,1.1,0.37,0.3,0.667,0.567,1.3,0.826,0.1,1.0,1.1,0.7,0.4,0.2,5.2,,12.969969486852063
497,Garrison Mathews,IND,429325.0,$561295,mathega01,399,29,IND,SG,1.4,0.404,1.1,0.37,0.3,0.667,0.567,1.3,0.826,0.1,1.0,1.1,0.7,0.4,0.2,5.2,,12.969969486852063
498,Mo Bamba,UTA,458711.0,$263940,bambamo01,511,27,2TM,C,1.3,0.455,0.0,,1.3,0.455,0.455,0.0,,2.5,3.0,5.5,0.3,0.0,0.8,2.5,,13.036175661113075
498,Mo Bamba,UTA,458711.0,$263940,bambamo01,511,27,TOR,C,0.0,0.0,0.0,,0.0,0.0,0.0,0.0,,0.5,0.5,1.0,0.0,0.0,0.5,0.0,,13.036175661113075
498,Mo Bamba,UTA,458711.0,$263940,bambamo01,511,27,UTA,C,2.5,0.556,0.0,,2.5,0.556,0.556,0.0,,4.5,5.5,10.0,0.5,0.0,1.0,5.0,,13.036175661113075
499,Mo Bamba,UTA,458711.0,$263940,bambamo01,511,27,2TM,C,1.3,0.455,0.0,,1.3,0.455,0.455,0.0,,2.5,3.0,5.5,0.3,0.0,0.8,2.5,,13.036175661113075
499,Mo Bamba,UTA,458711.0,$263940,bambamo01,511,27,TOR,C,0.0,0.0,0.0,,0.0,0.0,0.0,0.0,,0.5,0.5,1.0,0.0,0.0,0.5,0.0,,13.036175661113075
499,Mo Bamba,UTA,458711.0,$263940,bambamo01,511,27,UTA,C,2.5,0.556,0.0,,2.5,0.556,0.556,0.0,,4.5,5.5,10.0,0.5,0.0,1.0,5.0,,13.036175661113075
500,Killian Hayes,SAC,263940.0,$263940,hayeski01,382,24,SAC,PG,1.8,0.304,0.7,0.27,1.1,0.333,0.366,1.1,0.929,0.2,2.2,2.3,3.5,0.9,0.2,5.5,,12.48347708357082
501,Killian Hayes,SAC,263940.0,$263940,hayeski01,382,24,SAC,PG,1.8,0.304,0.7,0.27,1.1,0.333,0.366,1.1,0.929,0.2,2.2,2.3,3.5,0.9,0.2,5.5,,12.48347708357082
502,Charles Bassey,PHI,263940.0,$263940,bassech01,361,25,4TM,C,2.4,0.66,0.0,,2.4,0.66,0.66,1.1,0.7,1.8,2.6,4.4,0.5,0.3,0.8,5.8,,12.48347708357082
502,Charles Bassey,PHI,263940.0,$263940,bassech01,361,25,MEM,C,1.5,0.375,0.0,,1.5,0.375,0.375,0.5,0.333,3.5,4.0,7.5,1.0,0.5,0.5,3.5,,12.48347708357082
502,Charles Bassey,PHI,263940.0,$263940,bassech01,361,25,PHI,C,1.0,1.0,0.0,,1.0,1.0,1.0,0.0,,0.0,0.0,0.0,0.0,0.0,1.0,2.0,,12.48347708357082
502,Charles Bassey,PHI,263940.0,$263940,bassech01,361,25,BOS,C,1.2,0.857,0.0,,1.2,0.857,0.857,0.4,0.5,0.8,0.4,1.2,0.0,0.2,0.4,2.8,,12.48347708357082
502,Charles Bassey,PHI,263940.0,$263940,bassech01,361,25,GSW,C,4.2,0.677,0.0,,4.2,0.677,0.677,2.2,0.846,2.4,4.8,7.2,1.0,0.4,1.4,10.6,,12.48347708357082
503,Charles Bassey,PHI,263940.0,$263940,bassech01,361,25,4TM,C,2.4,0.66,0.0,,2.4,0.66,0.66,1.1,0.7,1.8,2.6,4.4,0.5,0.3,0.8,5.8,,12.48347708357082
503,Charles Bassey,PHI,263940.0,$263940,bassech01,361,25,MEM,C,1.5,0.375,0.0,,1.5,0.375,0.375,0.5,0.333,3.5,4.0,7.5,1.0,0.5,0.5,3.5,,12.48347708357082
503,Charles Bassey,PHI,263940.0,$263940,bassech01,361,25,PHI,C,1.0,1.0,0.0,,1.0,1.0,1.0,0.0,,0.0,0.0,0.0,0.0,0.0,1.0,2.0,,12.48347708357082
503,Charles Bassey,PHI,263940.0,$263940,bassech01,361,25,BOS,C,1.2,0.857,0.0,,1.2,0.857,0.857,0.4,0.5,0.8,0.4,1.2,0.0,0.2,0.4,2.8,,12.48347708357082
503,Charles Bassey,PHI,263940.0,$263940,bassech01,361,25,GSW,C,4.2,0.677,0.0,,4.2,0.677,0.677,2.2,0.846,2.4,4.8,7.2,1.0,0.4,1.4,10.6,,12.48347708357082
504,Christian Koloko,MEM,263940.0,$263940,kolokch01,506,25,3TM,C,1.1,0.419,0.0,0.111,1.1,0.462,0.426,0.4,0.667,1.1,1.9,3.0,0.7,0.5,0.9,2.7,,12.48347708357082
504,Christian Koloko,MEM,263940.0,$263940,kolokch01,506,25,LAL,C,0.0,,0.0,,0.0,,,0.0,,0.0,0.5,0.5,0.0,0.0,0.0,0.0,,12.48347708357082
504,Christian Koloko,MEM,263940.0,$263940,kolokch01,506,25,MEM,C,1.3,0.4,0.0,0.0,1.3,0.412,0.4,0.1,0.25,1.7,2.3,4.0,0.9,0.9,1.2,2.6,,12.48347708357082
504,Christian Koloko,MEM,263940.0,$263940,kolokch01,506,25,ATL,C,1.2,0.436,0.1,0.125,1.1,0.516,0.449,0.6,0.818,0.9,1.7,2.6,0.6,0.3,0.7,3.1,,12.48347708357082
505,Christian Koloko,MEM,263940.0,$263940,kolokch01,506,25,3TM,C,1.1,0.419,0.0,0.111,1.1,0.462,0.426,0.4,0.667,1.1,1.9,3.0,0.7,0.5,0.9,2.7,,12.48347708357082
505,Christian Koloko,MEM,263940.0,$263940,kolokch01,506,25,LAL,C,0.0,,0.0,,0.0,,,0.0,,0.0,0.5,0.5,0.0,0.0,0.0,0.0,,12.48347708357082
505,Christian Koloko,MEM,263940.0,$263940,kolokch01,506,25,MEM,C,1.3,0.4,0.0,0.0,1.3,0.412,0.4,0.1,0.25,1.7,2.3,4.0,0.9,0.9,1.2,2.6,,12.48347708357082
505,Christian Koloko,MEM,263940.0,$263940,kolokch01,506,25,ATL,C,1.2,0.436,0.1,0.125,1.1,0.516,0.449,0.6,0.818,0.9,1.7,2.6,0.6,0.3,0.7,3.1,,12.48347708357082
506,Alondes Williams,WAS,131970.0,$131970,willial06,187,26,WAS,SG,4.0,0.615,1.3,0.357,2.8,0.917,0.712,1.8,0.875,1.3,5.0,6.3,3.0,0.8,0.8,11.0,,11.790329903010875
507,Skal Labissière,WAS,131970.0,$131970,labissk01,437,29,WAS,PF,2.0,0.6,0.3,0.2,1.7,1.0,0.65,0.0,,1.0,2.0,3.0,1.0,0.7,0.3,4.3,,11.790329903010875
508,Patrick Baldwin Jr.,PHI,263940.0,$131970,baldwpa01,460,23,3TM,SF,1.2,0.407,0.7,0.429,0.6,0.385,0.519,0.6,0.714,1.3,1.2,2.6,0.6,0.3,0.6,3.7,,12.48347708357082
508,Patrick Baldwin Jr.,PHI,263940.0,$131970,baldwpa01,460,23,LAC,SF,1.5,0.75,1.0,0.667,0.5,1.0,1.0,1.0,1.0,0.0,0.5,0.5,0.0,0.0,0.0,5.0,,12.48347708357082
508,Patrick Baldwin Jr.,PHI,263940.0,$131970,baldwpa01,460,23,PHI,SF,0.0,,0.0,,0.0,,,0.0,,0.0,1.0,1.0,0.0,0.0,0.0,0.0,,12.48347708357082
508,Patrick Baldwin Jr.,PHI,263940.0,$131970,baldwpa01,460,23,SAC,SF,1.3,0.348,0.7,0.364,0.7,0.333,0.435,0.5,0.6,2.0,1.5,3.5,0.8,0.5,0.8,3.8,,12.48347708357082
509,Kobe Bufkin,MEM,5480297.0,$131970,bufkiko01,495,22,LAL,SG,0.9,0.3,0.3,0.192,0.6,0.417,0.35,0.7,0.917,0.1,0.8,0.8,0.6,0.1,0.2,2.9,,15.516669854535882
510,Rayan Rupert,MEM,2353647.0,$131970,ruperra01,395,21,2TM,SG,1.9,0.393,0.7,0.324,1.2,0.446,0.463,0.7,0.778,0.8,2.2,2.9,1.1,0.9,0.1,5.2,,14.67147659803849
510,Rayan Rupert,MEM,2353647.0,$131970,ruperra01,395,21,POR,SG,1.1,0.361,0.5,0.31,0.6,0.408,0.435,0.2,0.643,0.5,1.3,1.8,0.7,0.6,0.0,2.9,,14.67147659803849
510,Rayan Rupert,MEM,2353647.0,$131970,ruperra01,395,21,MEM,SG,4.4,0.422,1.4,0.338,3.0,0.475,0.488,2.1,0.825,1.6,4.8,6.4,2.1,1.6,0.4,12.2,,14.67147659803849
511,Charles Bassey,MEM,263940.0,$131970,bassech01,361,25,4TM,C,2.4,0.66,0.0,,2.4,0.66,0.66,1.1,0.7,1.8,2.6,4.4,0.5,0.3,0.8,5.8,,12.48347708357082
511,Charles Bassey,MEM,263940.0,$131970,bassech01,361,25,MEM,C,1.5,0.375,0.0,,1.5,0.375,0.375,0.5,0.333,3.5,4.0,7.5,1.0,0.5,0.5,3.5,,12.48347708357082
511,Charles Bassey,MEM,263940.0,$131970,bassech01,361,25,PHI,C,1.0,1.0,0.0,,1.0,1.0,1.0,0.0,,0.0,0.0,0.0,0.0,0.0,1.0,2.0,,12.48347708357082
511,Charles Bassey,MEM,263940.0,$131970,bassech01,361,25,BOS,C,1.2,0.857,0.0,,1.2,0.857,0.857,0.4,0.5,0.8,0.4,1.2,0.0,0.2,0.4,2.8,,12.48347708357082
511,Charles Bassey,MEM,263940.0,$131970,bassech01,361,25,GSW,C,4.2,0.677,0.0,,4.2,0.677,0.677,2.2,0.846,2.4,4.8,7.2,1.0,0.4,1.4,10.6,,12.48347708357082
512,Dalano Banton,LAC,263940.0,$131970,bantoda01,529,26,2TM,PG,0.7,0.333,0.0,0.0,0.7,0.364,0.333,0.7,1.0,0.3,0.5,0.8,1.8,0.3,0.8,2.0,,12.48347708357082
512,Dalano Banton,LAC,263940.0,$131970,bantoda01,529,26,LAC,PG,1.5,0.75,0.0,,1.5,0.75,0.75,0.0,,0.5,0.0,0.5,1.0,0.5,0.0,3.0,,12.48347708357082
512,Dalano Banton,LAC,263940.0,$131970,bantoda01,529,26,BOS,PG,0.3,0.125,0.0,0.0,0.3,0.143,0.125,1.0,1.0,0.3,0.8,1.0,2.3,0.3,1.3,1.5,,12.48347708357082
513,Patrick Baldwin Jr.,LAC,263940.0,$131970,baldwpa01,460,23,3TM,SF,1.2,0.407,0.7,0.429,0.6,0.385,0.519,0.6,0.714,1.3,1.2,2.6,0.6,0.3,0.6,3.7,,12.48347708357082
513,Patrick Baldwin Jr.,LAC,263940.0,$131970,baldwpa01,460,23,LAC,SF,1.5,0.75,1.0,0.667,0.5,1.0,1.0,1.0,1.0,0.0,0.5,0.5,0.0,0.0,0.0,5.0,,12.48347708357082
513,Patrick Baldwin Jr.,LAC,263940.0,$131970,baldwpa01,460,23,PHI,SF,0.0,,0.0,,0.0,,,0.0,,0.0,1.0,1.0,0.0,0.0,0.0,0.0,,12.48347708357082
513,Patrick Baldwin Jr.,LAC,263940.0,$131970,baldwpa01,460,23,SAC,SF,1.3,0.348,0.7,0.364,0.7,0.333,0.435,0.5,0.6,2.0,1.5,3.5,0.8,0.5,0.8,3.8,,12.48347708357082
514,Jeremiah Robinson-Earl,DAL,131970.0,$131970,robinje02,416,25,2TM,PF,1.7,0.37,0.5,0.244,1.2,0.458,0.42,0.8,0.944,1.6,3.0,4.7,0.7,0.4,0.0,4.6,,11.790329903010875
514,Jeremiah Robinson-Earl,DAL,131970.0,$131970,robinje02,416,25,IND,PF,1.7,0.349,0.5,0.242,1.2,0.42,0.398,0.8,0.929,1.9,3.3,5.2,0.7,0.4,0.1,4.6,,11.790329903010875
514,Jeremiah Robinson-Earl,DAL,131970.0,$131970,robinje02,416,25,DAL,PF,1.6,0.471,0.4,0.25,1.2,0.667,0.529,0.8,1.0,0.8,2.2,3.0,0.6,0.4,0.0,4.4,,11.790329903010875
515,Dalano Banton,BOS,263940.0,$131970,bantoda01,529,26,2TM,PG,0.7,0.333,0.0,0.0,0.7,0.364,0.333,0.7,1.0,0.3,0.5,0.8,1.8,0.3,0.8,2.0,,12.48347708357082
515,Dalano Banton,BOS,263940.0,$131970,bantoda01,529,26,LAC,PG,1.5,0.75,0.0,,1.5,0.75,0.75,0.0,,0.5,0.0,0.5,1.0,0.5,0.0,3.0,,12.48347708357082
515,Dalano Banton,BOS,263940.0,$131970,bantoda01,529,26,BOS,PG,0.3,0.125,0.0,0.0,0.3,0.143,0.125,1.0,1.0,0.3,0.8,1.0,2.3,0.3,1.3,1.5,,12.48347708357082
516,Tre Scott,BRK,129503.0,$174503,scotttr01,286,29,BRK,PF,3.2,0.38,1.0,0.316,2.2,0.419,0.44,0.7,0.667,1.7,3.5,5.2,1.7,1.3,0.8,8.0,,11.771459325876567
517,Lawson Lovering,MEM,87784.0,$87784,loverla01,323,22,MEM,C,3.0,0.6,0.0,,3.0,0.6,0.6,1.0,0.4,3.0,4.5,7.5,1.5,1.5,0.5,7.0,,11.382634530670636
518,Adama-Alpha Bal,MEM,117045.0,$117045,balad01,198,22,MEM,SG,3.5,0.412,2.3,0.409,1.3,0.417,0.544,1.1,0.9,0.8,2.4,3.1,2.4,1.1,0.1,10.4,,11.670313755218972
519,Malachi Smith,BRK,73153.0,$115803,smithma02,272,26,BRK,SG,3.2,0.485,1.3,0.435,1.9,0.528,0.586,0.5,1.0,0.8,2.6,3.4,3.3,0.8,0.3,8.3,,11.200308417227276
520,Kadary Richmond,WAS,73153.0,$73153,richmka01,271,24,WAS,SG,3.3,0.625,0.7,0.5,2.7,0.667,0.688,1.0,1.0,0.3,3.0,3.3,2.7,2.7,0.3,8.3,,11.200308417227276
521,Keshon Gilbert,WAS,73153.0,$73153,gilbeke01,432,22,2TM,SG,1.3,0.417,0.0,0.0,1.3,0.556,0.417,1.8,1.0,0.5,0.8,1.3,3.0,0.8,1.0,4.3,,11.200308417227276
521,Keshon Gilbert,WAS,73153.0,$73153,gilbeke01,432,22,WAS,PG,0.3,0.25,0.0,0.0,0.3,0.5,0.25,1.3,1.0,0.7,1.0,1.7,1.0,0.7,1.3,2.0,,11.200308417227276
521,Keshon Gilbert,WAS,73153.0,$73153,gilbeke01,432,22,ATL,SG,4.0,0.5,0.0,0.0,4.0,0.571,0.5,3.0,1.0,0.0,0.0,0.0,9.0,1.0,0.0,11.0,,11.200308417227276
523,Grant Nelson,BRK,73153.0,$73153,nelsogr02,440,23,BRK,PF,1.3,0.556,0.0,,1.3,0.556,0.556,1.8,0.7,0.3,1.3,1.5,1.3,0.3,1.3,4.3,,11.200308417227276
524,John Tonje,BOS,73153.0,$73153,tonjejo01,513,24,BOS,SG,0.7,0.286,0.5,0.3,0.2,0.25,0.393,0.7,1.0,0.0,1.0,1.0,0.3,0.3,0.0,2.5,,11.200308417227276
526,Tre Scott,BRK,129503.0,$174503,scotttr01,286,29,BRK,PF,3.2,0.38,1.0,0.316,2.2,0.419,0.44,0.7,0.667,1.7,3.5,5.2,1.7,1.3,0.8,8.0,,11.771459325876567
527,Adama-Alpha Bal,MEM,117045.0,$117045,balad01,198,22,MEM,SG,3.5,0.412,2.3,0.409,1.3,0.417,0.544,1.1,0.9,0.8,2.4,3.1,2.4,1.1,0.1,10.4,,11.670313755218972
528,Malachi Smith,BRK,73153.0,$115803,smithma02,272,26,BRK,SG,3.2,0.485,1.3,0.435,1.9,0.528,0.586,0.5,1.0,0.8,2.6,3.4,3.3,0.8,0.3,8.3,,11.200308417227276
529,Lucas Williamson,MEM,21946.0,$21946,willilu01,201,27,MEM,SG,3.6,0.333,2.1,0.283,1.4,0.455,0.433,1.1,1.0,1.6,3.9,5.4,2.6,1.6,0.1,10.4,,9.996340169550745
530,Tre Scott,BRK,129503.0,$174503,scotttr01,286,29,BRK,PF,3.2,0.38,1.0,0.316,2.2,0.419,0.44,0.7,0.667,1.7,3.5,5.2,1.7,1.3,0.8,8.0,,11.771459325876567
